1,Yesterday was supposed to be 70 and sunny/cold and rain. Today was supposed to be 90 and sunny guess what? Tornado warning #FUCKTOLEDOOHIO,caution and advice,"Tornado warning
Tornado warning
Tornado warning"
2, @Juss2Live: News was goin crazy about tornado  warnings n it didn even rain ! -__- - shit was wild over in CT . 4 ppl died,caution and advice,"tornado warnings
tornado warnings
tornado warnings"
3, @spann: Everybody on the campus of the University of Oklahoma should be in a tornado safe place now. #okwx,caution and advice,"should be in a tornado safe place
should be in a tornado safe plac
tornado safe place"
4,Almyra Arkansas tornado about to hit the ground,caution and advice,"tornado
tornado about to hit the ground
tornado about to hit the ground"
5,I hear the tornado sires going off now.  Buildings in downtown Kansas City being evacuated now! Tornado Warning.,caution and advice,"tornado sires
Tornado Warning
Tornado Warning
Tornado Warning"
6,Tornado watch canceled for Douglas County Coles County & Moultrie County,caution and advice,"Tornado watch
Tornado watch canceled
Tornado watch
Tornado watch canceled"
7,In the U.S. they have tornado watch.. In Saint John we have severe thunderstorm watch.. #Seriously? What's the point of thunderstorm watch?,caution and advice,"thunderstorm watch
tornado watch
tornado watch
tornado watch"
8,At mssu for memorial service. #Joplin #superwindy,caution and advice,for memorial service
9,Thank god possible tornado moved away from this area. Praying this tornado doesn't really cause destruction!,caution and advice,"tornado moved away
tornado moved
tornado moved away
possible tornado moved away"
10,Tornado headed toward us.... we're closing down for a while ...,caution and advice,"Tornado headed
Tornado
Tornado
Tornado"
11,It's A Tornado Out Here Lol Trees Falling Down And Shxt!!! I Gotta Get Out The Country...This Typa Shxt Don't Happen In New York Lol,caution and advice,"Tornado
Tornado
It's A Tornado Out Here"
12,Tornado watch and already thunder lightening and a splitting headache. What fun lies ahead (upstate NY)? #tornado,caution and advice,"Tornado watch
Tornado watch
Tornado watch"
13, @rachelcaine: Tornado on the ground less than 5 miles away guys. On the ground in Bedford. SEEK SHELTER IMMEDIATELY.,caution and advice,"Tornado on the ground
SEEK SHELTER IMMEDIATELY
Tornado on the ground"
14,Wow. Tornado reported over in Bellingham and Milford (two towns I drive through to go home from work) thankfully it didn't touchdown.,caution and advice,"Tornado reported
Tornado reported
Tornado"
15, @CajunTechie: #Joplin #Missouri #tornado has been cancelled. More severe weather expected in the area tonight. Potentially severe. St ...,caution and advice,"tornado has been cancelled
tornado has been cancelled
tornado has been cancelled"
16,Possible #tornado on the ground near Ohio City #Ohio. Cell has very strong low level rotation! ** SEEK SHELTER ** #OHWX Follow 4 updates.,caution and advice,"Possible #tornado on the ground
tornado on the ground
tornado on the ground
tornado on the ground SEEK SHELTER"
17,Tornado warning. #FML,caution and advice,"Tornado warning
Tornado warning
Tornado warning"
18,@BeccasOnTweeter Girl you are tornado watching too much! If you need to get to safety OK!!,caution and advice,"tornado watching
tornado watching
Girl, you are tornado watching too much! If you need to, get to safety, OK!!
tornado watching
tornado watching"
19,bitch it's a tornado.. ain't shit to be scared of! you betta get your bitch ass in the position they taught you in elementary!,caution and advice,"it's a tornado
it's a tornado
tornado"
20,Tornado forming over river awesome.  http://bit.ly/kUDYU2,caution and advice,"Tornado forming
Tornado forming
Tornado forming"
21,I'm pretty sure that's the tornado siren.,caution and advice,"tornado siren
tornado
tornado siren"
22," @andybaldwin: Confirmed tornado on the ground in Dallas near Love Field. ""Softball-sized hail."" via @baxterholmes",caution and advice,"tornado on the ground
Confirmed tornado on the ground
tornado
tornado on the ground"
23,That Tornado Warning Shit just came on my Tv..,caution and advice,"Tornado Warning Shit just came on my Tv
Tornado Warning Shit
Tornado Warning"
24,@Lil_Wyte_ Man I swear #MotherNature has been pissed of in 2011. We got tornado warnings all over the Mtown&lt;&lt;she needs to get laid. haha,caution and advice,"tornado warnings
tornado warnings
tornado warnings
tornado warnings
tornado warnings
tornado warnings
tornado
tornado warnings
tornado warnings
tornado warnings
tornado warnings
tornado warnings
tornado warning
tornado warnings
tornado warnings
tornado warnings"
25,Murfreesboro PD confirming a tornado touchdown in Rutherford county. The storm is really cranking up here in the Lascassas Pike area....,caution and advice,"tornado touchdown
tornado touchdown
Murfreesboro PD confirming a tornado touchdown
tornado touchdown
Murfreesboro PD confirming a tornado touchdown
tornado touchdown
tornado touchdown, The storm is really cranking up
confirming a tornado touchdown
tornado touchdown
The storm is really cranking up here
tornado touchdown
tornado touchdown
tornado touchdown
tornado touchdown
tornado touchdown
tornado
tornado touchdown
tornado touchdown
tornado touchdown
tornado touchdown
a tornado touchdown
tornado touchdown
tornado touchdown
tornado touchdown
tornado touchdown
tornado touchdown
a tornado touchdown
tornado touchdown
tornado touchdown
tornado touchdown
Tornado
tornado touchdown
tornado touchdown
tornado touchdown
tornado touchdown
tornado touchdown
tornado touchdown
tornado touchdown
tornado touchdown
Murfreesboro PD confirming a tornado touchdown
tornado touchdown
tornado
confirming a tornado touchdown
tornado touchdown
tornado touchdown
confirming a tornado touchdown.
Murfreesboro PD confirming a tornado touchdown in Rutherford county
tornado touchdown
tornado touchdown
tornado touchdown
tornado touchdown
tornado touchdown
tornado touchdown
ornado touchdown
tornado touchdown
tornado touchdown
tornado touchdown
tornado touchdown
tornado touchdown
a tornado touchdown
tornado touchdown
tornado touchdown
confirming a tornado touchdown
tornado touchdown
tornado touchdown"
26,Tornado alarms blasting in the city and all I'm thinking is Yippeee! I still have internet connection,caution and advice,"Tornado alarms blasting
Tornado alarms
Tornado alarms blasting
Tornado"
27,Take cover Dallas!  @JimCantore DAMAGE IN DALLAS COUNTY NEAR EAGLE FORD TX REPOS OF LARGE #TORNADO ON GROUND #txwx,caution and advice,"TORNADO ON GROUND
LARGE #TORNADO ON GROUND
Take cover Dallas!
LARGE #TORNADO ON GROUND
Take cover
TORNADO ON GROUND
TORNADO
tornado on ground
tornado
tornado
TORNADO ON GROUND
REPOS OF LARGE #TORNADO
TORNADO ON GROUND
TORNADO ON GROUND
TORNADO ON GROUND
TORNADO
Tornado on ground
TORNADO ON GROUND
TORNADO ON GROUND
TX REPOS OF LARGE #TORNADO ON GROUND #txwx
REPOS OF LARGE #TORNADO ON GROUND
TORNADO ON GROUND
LARGE #TORNADO ON GROUND
Tornado
#TORNADO ON GROUND
TORNADO ON GROUND
TORNADO
TORNADO ON GROUND
TORNADO ON GROUND
REPOS OF LARGE #TORNADO ON GROUND
TORNADO Take cover
TORNADO
Take cover Dallas!
TORNADO ON GROUND
TORNADO
REPOS OF LARGE #TORNADO
TORNADO ON GROUND
TORNADO ON GROUND
Tornado
TORNADO ON GROUND
TORNADO ON GROUND
TORNADO ON GROUND
DAMAGE
LARGE #TORNADO ON GROUND
TORNADO ON GROUND
REPOS OF LARGE #TORNADO ON GROUND
TORNADO ON GROUND
TORNADO ON GROUND
TORNADO ON GROUND
LARGE #TORNADO ON GROUND
tornado on ground
TORNADO ON GROUND
TORNADO ON GROUND
TORNADO ON GROUND
REPOS OF LARGE #TORNADO ON GROUND
REPOS OF LARGE #TORNADO ON GROUND
TORNADO ON GROUND
TORNADO
TORNADO ON GROUND"
28,Tornado on ground in Southern Dallas County.,caution and advice,"Tornado on ground
Tornado on ground in Southern Dallas
Tornado on ground
Tornado on ground
Tornado
Tornado on ground
tornado on ground
Tornado
tornado
Tornado
Tornado
Tornado
Tornado
Tornado on ground
Tornado
Tornado
tornado on ground
Tornado on ground
Tornado
Tornado on ground
Tornado on ground
Tornado
Tornado on ground
Tornado on ground
Tornado
Tornado on ground
Tornado on ground
Tornado on ground
Tornado
Tornado on ground
Tornado
Tornado on ground
Tornado
Tornado on ground
Tornado on ground
Tornado on ground
Tornado on ground
Tornado
Tornado on ground
Tornado on ground
Tornado on ground
Tornado on ground
Tornado
Tornado
Tornado on ground
Tornadoon ground
Tornado on ground
Tornado on ground
Tornado on ground
Tornado on groung
Tornado on ground
Tornado on ground
Tornado on ground
Tornado
Tornado
Tornado on ground"
29,Emergency crews flying down highway toward Springfield at an alarming rate. Wish I stayed for the second #tornado.,caution and advice,"Emergency crews flying down
tornado
tornado
Emergency crews
second #tornado
tornado
tornado
tornado
flying down highway #tornado.
Emergency crews flying down highway
Emergency crews
tornado
Emergency crews"
30,Lol so there is a tornado warning outside n im at work -_-,caution and advice,"tornado warning
tornado warning
tornado warning
tornado warning
tornado warning
tornado warning
tornado warning
tornado
tornado warning
tornado warning
tornado warning"
31,Tornado heading up Nall into Leawood. This is far too close for comfort. YIKES! I'm seriously scared! #kcstorms #tornado #FB #praying,caution and advice,"Tornado
Tornado
Tornado heading up
Tornado"
32,It was a tornado in GB but it's gone now  @TheeSBM: @Lil_Woadie wht tornado,caution and advice,"tornado
It was a tornado
tornado in GB but it's gone now
tornado"
33,"Tornado watch upgraded to warning in ctrl Oxfd Cty. Wther svc: ""Severe thunderstorm capable of producing a tornado 11 miles west of Bethel""",caution and advice,"Tornado watch upgraded to warning
Tornado watch upgraded to warning
Tornado watch
Tornado watch upgraded to warning"
34,Is that the ice cream truck? No wait shit thats a tornado warning siren,caution and advice,"tornado warning siren
tornado warning siren
tornado warning siren
tornado warning siren
tornado warning
tornado warning siren
tornado warning siren
tornado warning siren
tornado warning siren
tornado warning siren
tornado warning siren
tornado warning siren
tornado warning siren
tornado warning siren
tornado warning
tornado warning siren
a tornado warning siren
tornado warning siren
tornado warning siren
tornado warning siren"
35,There's a tornado warning around my area. :$,caution and advice,"tornado warning
tornado warning
tornado warning"
36, @wharman: Jeez Kansas City. You didn't have to organize such a dramatic welcome. #tornado Warning is lifted. We're going to have lun ...,caution and advice,"tornado Warning is lifted
#tornado Warning is lifted
tornado Warning"
37,Tornado warning?,caution and advice,Tornado warning?
38,If ing #tornado warnings note the time of the original tweet or information. Don't tweet old information--not helpful.,caution and advice,"N/A
tornado warnings"
39,@BurnhamSWAT wow!! i was just in a tornado warning but it wasn't that bad! i hope it blows over fast!,caution and advice,"tornado warning
tornado warning
tornado warning"
40,@CarolineManzo yes they are it looks like a tornado is coming,caution and advice,"tornado is coming
it looks like a tornado is coming
tornado is coming"
41,am i the only one who's been in a soccer game when the tornado sirens go off?? OUTTA TOWN!...n a tornado actually hit it was SCARY!,caution and advice,"tornado sirens
tornado sirens
tornado sirens go off"
42,Damn tornado warning don't mean shit 2 me. Motherfucka I have survived Katrina's bitch ass 2 tornados & a blizzard. Just another day 2 me,caution and advice,"tornado warning
n/a
tornado warning"
43,Tornado warning..ok im goin to take my bike nd go get something to eat,caution and advice,"Tornado warning
Tornado warning
Tornado warning"
44,Just drove right under a tornado forming.....holy shit....are we home yet???????,caution and advice,a tornado forming
45,@BorisVincze Yep same for us our tornado chances went down still sitting here ready to drive to safety though.,caution and advice,"tornado chances went down
tornado chances
our tornado chances went down"
46,Looks like another tornado. Yep got all my books in the basement.,caution and advice,"tornado
Looks like another tornado
Looks like another tornado
tornado"
47,tornado warning issed for st. joseph county. sky is almost black.,caution and advice,"tornado warning
tornado warning
tornado warning
tornado warning issed
tornado warning
tornado warning
tornado warning issed
tornado warning issed
tornado warning
tornado warning
tornado warning
tornado warning
tornado warning
tornado warning issued
tornado warning
tornado warning
tornado warning issed
tornado warning
tornado warning
tornado warning
Tornado Warning
tornado warning
tornado warning
tornado warning issed for st. joseph county. sky is almost black.
tornado warning
tornado warning
Tornado
tornado warning
tornado warning
tornado warning
tornado warning issed
tornado warning
tornado warning
tornado warning
tornado warning issed
tornado warning
tornado
tornado warning
tornado warning
tornado warning
tornado warning issed
tornado warning issed
tornado warning issed
tornado
tornado warning
tornado warning
tornado warning
Tornado warning
tornado warning
tornado warning
tornado warning issed
tornado warning
tornado warning
tornado warning
tornado warning
tornado warning
tornado warning issed for st. joseph county
tornado warning
tornado warning"
48,@jbluther ... and now we're under a tornado watch for the same storm system that hit OK.,caution and advice,"we're under a tornado watch
tornado watch
tornado watch"
49, @JimmyMcIver:  @victoria_29: #Debris falling on #I 40 #Tornado has lifted a mile & 1/2 west of Casino/seems headed toward Tulsa h ...,caution and advice,"Tornado has lifted
Debris falling
Debris falling
Tornado has lifted
Tornado has lifted
Tornado has lifted
Debris falling on #I 40 #Tornado has lifted"
50,Wow this tornado was WAY closer than Joplin :(,caution and advice,"tornado
tornado
tornado
tornado"
51,tornado warning and the mall on lockdown. oh shit. meridian goin nuts.,caution and advice,"tornado warning
tornado warning
tornado warning
tornado warning
tornado warning
tornado warning"
52, @whoaitsmonica: Sirens started going off. Tornado has officially touched down in my hometown super worried about my family right. #p ...,caution and advice,"Sirens
Sirens started going off
Sirens started going off"
53,TAKE COVER!!! #TORNADO!!,caution and advice,"TORNADO
TORNADO
TORNADO"
54,Please be praying for everybody here in Joplin! Tornado sirens once again. :(,caution and advice,"Tornado sirens
Tornado sirens
Tornado sirens
Tornado sirens
Tornado sirens
Tornado sirens once again
Tornado sirens
Tornado sirens
Tornado sirens
Tornado sirens
Tornado sirens
Tornado sirens
Tornado sirens
Tornado sirens
Tornado sirens"
55,Tornado headed right for the sprint headquarters...dad if you see this I'm in Hannah's basement! #scared,caution and advice,"Tornado
Tornado headed
Tornado
Tornado headed
Tornado
Tornado headed right for the sprint headquarters
Tornado
Tornado
Tornado headed right for the sprint headquarters
Tornado headed
Tornado headed right for the sprint headquarters
Tornado headed
Tornado headed
Tornado
Tornado
Tornado headed right for the sprint headquarters
Tornado headed
Tornado headed
Tornado headed right
Tornado
Tornado"
56,Major tornado outbreak overnight. People need help and I'm feeling helpless.,caution and advice,"tornado
Major tornado outbreak
tornado outbreak
tornado"
57,there is tornado warnings so we might have to go to the celler,caution and advice,"tornado warnings
tornado warnings
tornado warnings
tornado warnings"
58,Were under a tornado warning and the sirens are going off like crazy ... I did sign up for this.,caution and advice,"tornado warning
tornado warning
tornado warning, and the sirens are going off"
59,Winds are gusting tonight.  I'm in an area that DOES NOT get tornado's but we now have a tornado watch !!!  crazy......,caution and advice,"tornado watch
tornado watch
tornado watch"
60, @KellyKCTV5: cass johnson jackson layfatte county under tornado warnings rt now,caution and advice,"tornado warnings
tornado warnings
tornado warnings
tornado warnings"
61,The weather be scaring people the only thing we gonna get is alot of rain... No tornado.,caution and advice,"No tornado.
No tornado
No tornado"
62, @cindyrobuck:  @stormchaser4850: Developing: NWS meteorologists were tracking a tornado on the ground near Ramona SD moving NE at ...,caution and advice,"tornado on the ground
tornado on the ground
tornado on the ground"
63,Taking cover. Sirens going off. #tornado heading north along hwy 69 :/,caution and advice,"Sirens going off
Sirens going off
Sirens going off
tornado"
64,Holy hell...a tornado warning for east of Grand Rapids MI!!!,caution and advice,"tornado warning
tornado warning
tornado warning
tornado warning"
65,Just remember if you are outside in a tornado you are screwed.  Indoors think about bathtub/mattress combo.,caution and advice,"think about bathtub/mattress combo
if you are outside in a tornado, you are screwed
outside in a tornado
Tornado Advice"
66,#tornado watch; needless to say im freaking out. and the most important part of my survival kit is missing &lt;/3,caution and advice,"tornado watch
tornado watch
tornado watch
#tornado watch"
67,@imleftbehind I checked & sirens prob shouldn't have gone off in Crete b/c it was not in the tornado warning. better safe than sorry  ty!,caution and advice,"not in the tornado warning
not in the tornado warning
sirens"
68,Everybody go in y'all basements tornado coming lol..,caution and advice,"tornado
tornado
tornado coming
tornado
tornado coming
Everybody go in y'all basements tornado coming
N/A
tornado
tornado coming
tornado
tornado coming
tornado coming
tornado
tornado
tornado coming
tornado
tornado coming
tornado coming
tornado coming
tornado coming
tornado coming
tornado
tornado coming
tornado
tornado coming
tornado
tornado
tornado coming lol..
tornado coming
tornado coming
tornado coming
Tornado
tornado coming
tornado coming
tornado
tornado coming
tornado coming
tornado coming
tornado coming
tornado
tornado coming
tornado
tornado
tornado
y'all basements tornado
tornado coming
tornado coming
tornado coming
Tornado
tornado coming
tornado coming
tornado coming
tornado coming
tornado coming
tornado coming
tornado coming
tornado coming
tornado coming
tornado coming
tornado coming
tornado coming
Everybody go in y'all basements tornado coming
tornado
tornado coming lol.."
69, @Hazewalker:  @david0monroe: Tornado sirens going off now in Cumberland #inwx  I Just Tweeted that!,caution and advice,"Tornado sirens
sirens
Tornado sirens
Tornado sirens
Tornado sirens
Tornado sirens going off
Tornado sirens going off
Tornado sirens
Tornado sirens
Tornado sirents
Tornado sirens
Tornado sirens
tornado
Tornado sirens going off
Tornado sirens
Tornado sirens going off
Tornado sirens going off
Tornado sirens
Tornado sirens
Tornado Siren
Tornado sirens
Tornado sirens going off
Tornado sirens going off
Tornado sirens
Tornado sirens
Tornado sirens going off
Tornado sirens
Tornado sirens
Tornado sirens going off
Tornado sirens going off
Tornado sirens going off
Tornado sirens
Tornado sirens going off now in Cumberland
Tornado
Tornado sirens
Tornado sirens
Tornado
Tornado sirens
sirens going off
Tornado sirens going off now
Tornado sirens
Tornado sirens
Tornado sirens going off
Tornado sirens
Tornado sirens going off
Tornado sirens
Tornado sirens
Tornado sirens
Tornado sirens
Tornado
Tornado sirens going off now
Tornado sirens
Tornado sirens going off
Tornado sirens going off
Tornado sirens
Tornado sirens going off
Tornado sirens going off
Tornado sirens
Tornado
Tornado sirens"
70,the air smells of Tornado,caution and advice,"smells of Tornado
the air smells of Tornado
the air smells of Tornado
the air smells of Tornado
N/A
Tornado
the air smells of Tornado
Tornado
air smells of Tornado
Tornado
Tornado
air smells of Tornado"
71,Tornado Watch now for entire metro area.  Just issued.,caution and advice,"Tornado Watch
Tornado Watch
Tornado Watch now
Tornado Watch
Tornado Watch
tornado watch
Tornado Watch now
Tornado Watch
Tornado
Tornado Watch
Tornado
Tornado Watch
Tornado Watch
Tornado Watch
Tornado Watch
Tornado Watch
Tornado Watch
tornado watch
Tornado Watch
Tornado Watch
Tornado Watch
Tornado Watch
Tornado Watch
Tornado Watch
Tornado Watch
Tornado Watch
Tornado Watch
Tornado Watch
Tornado Watch now for entire metro area.
Tornado Watch
Tornado Watch
Tornado Watch
Tornado Watch
Tornado Watch
Tornado Watch
Tornado Watch
Tornado Watch
Tornado
Tornado Watch
Tornado Watch
Tornado Watch
Tornado Watch
Just issued
Tornado
Tornado Watch
Tornado Watch
Tornado
Tornado Watch
Tornado Watch
Tornado Watch
Tornado Watch
Tornado Watch
Tornado Watch
Tornado Watch
Tornado Watch
Tornado Watch
Tornado Watch
Tornado Watch
Tornado watch
Tornado Watch
Tornado Watch
Tornado Watch
Tornado Watch
Tornado Watch
Tornado Watch"
72,Tornado sirens blaring in Brookside but hail ended for now.,caution and advice,"Tornado sirens
Tornado sirens blaring
sirens blaring
Tornado sirens
Tornado sirens blaring
Tornado sirens
Tornado sirens
Tornado sirens
Tornado sirens blaring
tornado sirens
Tornado sirens blaring
tornado sirens blaring
Tornado sirens
Tornado sirens
Tornado siren"
73,Raining tornado warning hope everyone is ok,caution and advice,"Raining tornado warning
Raining tornado warning
tornado warning
tornado warning
Raining tornado warning
tornado warning
tornado warning
tornado warning
tornado warning
tornado warning
tornado
tornado warning
tornado warning
tornado warning
tornado warning
tornado warning
tornado warning
Raining tornado warning
Raining tornado warning
tornado warning
Raining tornado warning
tornado warning
tornado warning
Tornado warning
tornado warning
A tornado
Raining tornado warning
tornado warning
Raining tornado
tornado warning
tornado warning
Raining tornado warning
tornado warning
tornado warning
Tornado Warning
tornado warning
tornado warning
Raining tornado
tornado warning
Raining tornado warning
tornado warning
Raining tornado warning
Raining tornado warning
tornado
Raining tornado
tornado warning
Raining tornado warning
tornado warning
tornado warning
tornado warning
Tornado
tornado warning
tornado warning
tornado warning
Raining tornado warning
tornado warning
tornado warning
tornado warning
tornado warning
tornado warning
tornado warning
tornado warning
tornado warning
tornado warning
tornado warning
tornado warning
tornado
tornado warning"
74,I just heard the tornado sirens and at first was like 'Dammit!!!' then remembered it's the first Wed of the month.,caution and advice,"tornado sirens
I just heard the tornado sirens
I just heard the tornado sirens
tornado sirens
sirens
I just heard the tornado sirens
tornado sirens
tornado sirens
tornado sirens
tornado sirens
tornado sirens
tornado sirens
tornado
tornado sirens
tornado sirens
I just heard the tornado sirens
tornado siren
heard the tornado sirens
tornado sirens
Tornado Sirens
tornado sirens
tornado sirens
heard the tornado sirens
I just heard the tornado sirens
just heard the tornado sirens
tornado sirens
tornado sirens
heard the tornado sirens
tornado sirens
tornado sirens
heard the tornado sirens
tornado sirens
tornado sirens
tornado sirens
tornado sirens
heard the tornado sirens
heard the tornado sirens
tornado sirens
tornado sirens
heard the tornado sirens
I just heard the tornado sirens
tornado sirens
tornado sirens
tornado sirens
tornado sirens
I just heard the tornado sirens
tornado sirens (test)
tornado sirens
tornado sirens
tornado sirens
Heard the tornado sirens
tornado sirens
tornado sirens
tornado sirens
tornado sirens
tornado sirens
heard the tornado sirens
I just heard the tornado sirens
tornado
tornado sirens"
75,That was some apocalyptic weather that just hit.  I thought that was an impromptu tornado,caution and advice,"apocalyptic weathe
apocalyptic weather
apocalyptic weather
impromptu tornado
apocalyptic weather
apocalyptic weather
N/A
apocalyptic weather
tornado
tornado
tornado
apocalyptic weather
apocalyptic weather
tornado
impromptu tornado"
76, @WSILNews: JEFFERSON GALLATIN POPE SALINE WILLIAMSON JACKSON PERRY IL ALL UNDER TORNADO WARNINGS. NOW IS THE TIME TO SEEK SHELTER.,caution and advice,"TORNADO WARNINGS
TORNADO WARNINGS
TORNADO WARNINGS.
TORNADO WARNINGS
TORNADO WARNINGS
TORNADO WARNINGS
TORNADO WARNINGS
TORNADO WARNINGS
UNDER TORNADO WARNINGS
TORNADO WARNINGS
TORNADO WARNINGS
TORNADO WARNINGS
TORNADO WARNINGS
TORNADO WARNINGS
TORNADO WARNINGS
TORNADO
TORNADO WARNINGS
TORNADO WARNINGS
Tornado Warning
TORNADO WARNINGS
TORNADO WARNINGS
TORNADO WARNINGS
Tornado
TORNADO WARNINGS
TORNADO WARNINGS
TORNADO WARNINGS
TORNADO
TORNADO WARNINGS
TORNADO WARNINGS
TORNADO WARNINGS
TORNADO WARNINGS
ALL UNDER TORNADO WARNINGS. NOW IS THE TIME TO SEEK SHELTER.
TORNADO WARNINGS
TORNADO
TORNADO WARNINGS. NOW IS THE TIME TO SEEK SHELTER.
TORNADO WARNINGS
TORNADO WARNINGS
TORNADO WARNINGS
TORNADO WARNINGS
TORNADO WARNINGS
TORNADO WARNINGS
TORNADO WARNINGS
TORNADO WARNINGS
tornado warning
TORNADO WARNINGS
TIME TO SEEK SHELTER
TORNADO WARNINGS
TORNADO WARNINGS
TORNADO WARNINGS
ALL UNDER TORNADO WARNINGS
TORNADO WARNINGS
TORNADO WARNINGS
UNDER TORNADO WARNINGS
TORNADO WARNINGS
TORNADO WARNINGS"
77, @JimFreund: Apparently we have no exclusivity.  The tornado watch is for all SE NY.  http://1.usa.gov/mSPGdf,caution and advice,"tornado watch
tornado watch
The tornado watch is for all
tornado watch
watch
tornado watch
tornado watch
tornado watch
tornado watch
tornado watch
tornado watch
tornado watch
tornado watch
tornado watch
tornado watch
The tornado watch
Tornado Watch
tornado watch
tornado watch
The tornado watch
tornado watch
tornado watch
tornado watch
tornado watch
tornado watch
tornado watch
tornado watch
tornado watch
tornado watch
tornado watch
tornado watch
tornado watch
tornado watch
tornado watch
tornado watch
tornado
tornado watch
tornado
tornado watch
tornado
tornado watch
tornado watch
tornado watch
Tornado watch
tornado watch
tornado watch
tornado watch
tornado watch
The tornado watch is for all
tornado watch
The tornado watch
tornado watch
tornado watch
tornado watch
The tornado watch is for all SE NY
tornado watch"
78,The #PDS #Tornado watch for parts of KY runs until 9pm CDT. Includes Bowling Green Louisville Paducah Ft. Campbell Franklin. #KYwx,caution and advice,"ornado watch
Tornado watch
watch for parts of KY runs until 9pm CDT
Tornado watch
watch
Tornado watch
Tornado watch
Tornado
Tornado watch
tornado watch
tornado watch
Tornado watch
tornado watch
Tornado watch
Tornado watch
Tornado watch
Tornado watch
Tornado watch
Tornado Watch
Tornado watch
Tornado watch
Tornado watch
Tornado watch
#Tornado watch
Tornado watch
Tornado watch
Tornado
Tornado watch
Tornado watch
#Tornado watch
Tornado watch
#PDS #Tornado watch
#Tornado watch
Tornado watch
Tornado watch
Tornado watch for parts of KY
Tornado watch
Tornado watch
Tornado
Tornado watch
#Tornado watch
Tornado
Tornado watch
Tornado watch
Tornado watch
Tornado watch for parts of KY
Tornado watch
Tornado watch
#Tornado watch
Tornado watch
Tornado watch
#PDS #Tornado watch
Tornado watch
Tornado
Tornado watch"
79,praying for all the people who are under the tornado warnings right now! please be safe:) and keep your head held up high you'll make it .,caution and advice,"tornado warnings
tornado warnings
N/A
praying for all the people who are under the tornado warnings
tornado warnings
tornado warnings
tornado warning
tornado warnings
tornado warnings
tornado warnings
tornado warnings
praying
tornado warning"
80,Tornado hunters are on their way  @TorontoStar: Severe storms hit #hamont area - may have spawned a tornado http://bit.ly/kfL1Mc,caution and advice,"a tornado
Severe storms hit
Severe storms hit
Severe storms
Tornado hunters are on their way
Tornado hunters
Tornado hunters
tornado
may have spawned a tornado
Severe storms
N/A
Severe storms
severe storms
tornado
Severe storms
a tornado
spawned a tornado
Severe storms"
81,Tornado Warning until 9:00 p.m. for DeSoto Marshall and Tate counties in Mississippi.,caution and advice,"Tornado Warning
Tornado Warning
Tornado Warning
Tornado Warning
Tornado Warning
Tornado Warning
Tornado Warning
Tornado Warning
Tornado Warning
Tornado Warning
Tornado Warning
Tornado Warning
Tornado Warning
Tornado Warning
Tornado Warning
Tornado Warning
Tornado Warning"
82,.@DLoesch @m_mccoy @colestreeper1 @Lindatini @aRuffLife - leave sap at Flying J alone and come join #WBC #joplin picket :),caution and advice,"N/A
N/A
N/A
leave sap
come join #WBC #joplin picket :)
come join #WBC #joplin picket
leave sap at Flying J alone and come join #WBC
tornado
n/a
leave sap
leave sap
N/A
N/A
#WBC #joplin picket
leave sap at Flying J alone and come join
leave sap
come join #WBC #joplin picket
n/a
sap
leave sap
DLoesch
#WBC #joplin picket
#WBC #joplin picket
come join #WBC #joplin picket
leave
picket
picket
N/A
sap
Flying J
leave sap
N/A
leave sap at Flying J alone and come join #WBC #joplin picket :)
leave sap at Flying J alone and come join
leave sap at Flying J alone
N/A
leave sap
leave sap
N/A
N/A
leave sap
N/A
leave sap at Flying J alone and come join

leave
leave sap at Flying
N/A
Tornado
Flying J
come join
N/A
Flying
Flying J
leave sap at Flying J alone
come join
joplin picket
N/A
leave sap at Flying J alone and come join
leave sap
leave sap at Flying J alone
leave sap at Flying J
leave sap at Flying J alone and come join #WBC #joplin picket
joplin picket
N/A
leave sap at Flying J alone join picket
N/A
leave sap at Flying J alone and come join
come join
Flying J alone
Flying"
83, @Lady_Patriot: I think we're clear of the tornado now which means I can get on the *electric* bus now. #notthesafestplaceinastorm,caution and advice,"clear of the tornado
clear of the tornado
I think we're clear of the tornado now
clear of the tornado
N/A
clear of the tornado
n/a
we're clear of the tornado
tornado
I think we're clear of the tornado now
clear of the tornado
tornado
clear of the tornado now
tornado
clear of the tornado
clear of the tornado
tornado
clear of the tornado
I think we're clear of the tornado now
I think we're clear of the tornado now
I think we're clear of the tornado now
clear of the tornado
tornado
Tornado
I think we're clear of the tornado now
clear of the tornado
tornado
clear of the tornado
tornado
tornado
we're clear of the tornado now
I think we're clear of the tornado now
tornado
clear of the tornado now
tornado
tornado
clear of the tornado now
I think we're clear of the tornado
tornado
clear of the tornado
we're clear of the tornado now
tornado
clear of the tornad
clear of the tornado
tornado
we're clear of the tornado now
tornado
clear of the tornado now
clear of the tornado
clear of the tornado now
I think we're clear of the tornado now,
clear of the tornado
I think we're clear of the tornado
I think we're clear of the tornado now
tornado
N/A
tornado
clear
tornado now"
84,Tornado Watch Ì¢‰âÂ‰ÛÏ Expiration http://nblo.gs/iBYgB,caution and advice,"Tornado Watch
Tornado Watch
Tornado Watch
Tornado Watch
Tornado Watch
Tornado Watch"
85,Tornado Warning for Butler and Preble Counties until 6:45 PM.,caution and advice,"Tornado Warning
Tornado Warning
Tornado Warning
Tornado Warning"
86, @14FirstAlert: TORNADO WARNING issued for parts of DAVIESS county in KY until 09:45 PM CT - http://wx4.me/N9.TW1026 #tristatewx,caution and advice,"tornado warning issued
TORNADO WARNING
TORNADO WARNING
TORNADO WARNING"
87, @TWCBreaking: #Tornado reported in the Kansas City metro!  TAKE COVER in Overland Park Leawood Lenexa!  Alert:  http://wxch.nl/jsmObR,caution and advice,"Tornado
Tornado
tornado
Tornado reported
Tornado"
88, @txstormchasers: PDS (Particularly Dangerous Situation) #Tornado Watch for much of NW/N TX and OK. #txwx #okwx #severe,caution and advice,"Tornado Watch
Tornado Watch
#Tornado Watch"
89, @reedtimmerTVN: Thursday system would likely be a significant tornado outbreak in Canadian Prairies if a month later with moisture.   ...,caution and advice,"tornado outbreak
tornado outbreak
system would likely be a significant tornado outbreak in Canadian Prairies if a month later with moisture
significant tornado outbreak"
90,"@7News: New tornado warning for storm in Springfield/Chicopee. Heading east at 35mph. Warning into SW Worcester County again ti.	Thu Jun 02 01:25:50 AST 2011	&lt;a href=http://twitter.com/download/android"" rel=""nofollow""&gt;Twitter for Android&lt;/a&gt;",caution and advice,"tornado warning
tornado warning
tornado warning
tornado warning"
91, @weatherchannel:  @JustinNOAA: BREAKING #NOAA has upgraded Joplin #tornado from EF-4 to EF-5; winds greater than 200 mph,caution and advice,"tornado
upgraded Joplin #tornado from EF-4 to EF-5; winds greater than 200 mph
tornado"
92," @Rachel__Nichols: Another tornado in OK; this one a half-mile wide. More coming. Text ""REDCROSS"" to 90999 to ... http://tmi.me/aBEOn",caution and advice,"Another tornado in OK
Another tornado one a half-mile wide More coming
tornado"
93,A tornado warning for Oakland County. #backchannel,caution and advice,"tornado warning
tornado warning
tornado warning"
94,A SEVERE THUNDERSTORM WARNING HAS BEEN ISSUED FOR BEAVER COUNTY IN THE OKLAHOMA PANHANDLE UNTIL 11:00 PM SATURDAY. #okwx #fb,caution and advice,"SEVERE THUNDERSTORM WARNING
SEVERE THUNDERSTORM WARNING
SEVERE THUNDERSTORM WARNING"
95, @1079KFIN: Jonesboro Westside Middle school tornado shelter will be open to the public.@region8news #ARWX @Tori_Lennox,caution and advice,"tornado shelter
tornado shelter
tornado shelter
tornado shelter"
96, @MoeWx: New Meso... Tornado WATCH is likely just west of the Tri-State ... #ILwx #KYwx #tristatewx,caution and advice,"Tornado WATCH
Tornado WATCH
Tornado WATCH is likely"
97, @4029news: Denning has taken a direct hit from this large dangerous tornado which is headed toward I-40 between HWY 23 and Clarksville.,caution and advice,"tornado
has taken a direct hit from this large, dangerous tornado,
large, dangerous tornado, which is headed"
98, @tjholmes: Weather spotters confirm a tornado is on the ground moving toward Joplin.,caution and advice,"tornado is on the ground
tornado is on the ground
tornado is on the ground
tornado is on the ground
tornado"
99,@CeeAngi Heard these was a tornado in the Chicago area FWIW.,caution and advice,"Heard these was a tornado
tornado
tornado"
100, @daynavettese: Tornado warning ended for Hamilton. Still severe thunderstorm warnings.,caution and advice,"Tornado warning ended
Tornado warning ended Still severe thunderstorm warnings
Tornado warning;  Still severe thunderstorm warnings"
101,@Teaschell oh that could be it. But be careful they just issued a tornado warning for all southeastern mi..........,caution and advice,"tornado warning
tornado warning
tornado warning"
102,Looks like new #tornado #warning for #Springfield MA area!crazyness ... coverage: Springfield: WWLP.com WGGB.com Boston: WBZtv.com WHDH.com,caution and advice,"tornado warning
new #tornado #warning
tornado warning
new tornado warning"
103, @EvansvilleWatch:  @tristatealerts: TORNADO WARNING issued for parts of GALLATIN; WHITE; POSEY; HENDERSON; UNION county in IL/IN/KY ...,caution and advice,"TORNADO WARNING
TORNADO WARNING
TORNADO WARNING"
104,Horrible.  @cnnbrk: More severe weather moving into tornado-hit #Joplin Missouri area. http://on.cnn.com/kiObzM,caution and advice,"severe weather
tornado-hit
More severe weather moving into tornado-hit"
105, @AnneMarieWTHR: Storm spotters reporting tornado on the ground northeast of Bedford right now,caution and advice,"tornado
tornado on the ground
tornado"
106, @fishfire: FEMA  now enroute to #JOPLIN with IMAT team with full support team at the ready.  #JOPLIN,caution and advice,"n/a
FEMA now enroute
FEMA now enroute"
107, @HumanityRoad: After a #tornado Limit travel sightseeing can impede emergency response #tornado #springfield #MA #WX Stay home stay ...,caution and advice,"After a #tornado Limit travel,
After a #tornado Limit travel, sightseeing can impede emergency response
Limit travel"
108,Tornado warning! AHHH,caution and advice,"Tornado warning
Tornado warning
Tornado warning"
109, @PaulPoteet: Another TORNADO report ...now just west of Seymour and north of US 50.,caution and advice,"TORNADO report
TORNADO report
TORNADO report
TORNADO"
110,@SnakeBytesTV Look out for Tornado's,caution and advice,"Tornado's
Tornado's
Tornado's"
111,Ahhhhhh! We have a tornado watch!!!,caution and advice,"tornado watch!
tornado watch
tornado watch"
112,Tornado Watch Wednesday: Report In Liveblog #4 http://t.co/IWFm2j0,caution and advice,"Tornado Watch
Tornado Watch
Tornado Watch"
113,Tornado warning for Midland and southern Midland county #michigan,caution and advice,"Tornado warning
Tornado warning
Tornado Warning"
114,tornado watch for central mississippi including starkville till 4AM..expect the strongest storms between 1 and 3AM.,caution and advice,"tornado
tornado watch
tornado watch"
115, @TWCBreaking: TAKE COVER near Beaman MO and eastern Pettis County.  #Tornado likely doing damage.   http://wxch.nl/kK7jEz,caution and advice,"Tornado likely doing damage
Tornado likely doing damage
Tornado"
116,Tornado Warning for Oakland County in MI until 6:45pm EDT.,caution and advice,"Tornado Warning
Tornado Warning
Tornado Warning"
117, @TWCBreaking: Brief #tornado reported near Rose NE.  The supercell they're tracking:  http://wxch.nl/lvqVxr  #newx,caution and advice,"tornado reported
tornado reported
tornado reported"
118,Tornado Warning for Elkhart Kosciusko Lagrange Marshall Noble and St. Joseph County in IN until 4:15pm EDT. #inwx,caution and advice,"Tornado Warning
Tornado Warning
Tornado Warning
Tornado Warning"
119, @cnnbrk: Weather spotters report #tornado moving toward Joplin Missouri at 45 mph http://on.cnn.com/k1ZN2b,caution and advice,"tornado moving
tornado moving
tornado
tornado moving toward"
120, @BreakingNews: Fans at Rangers game in Arlington Texas are sheltering in place after tornado warning - @CardsFaninBigD http://bit.l ...,caution and advice,"tornado warning
tornado warning
tornado warning"
121,Tornado Terjang Massachusetts: 02/06/2011 14:15 (Amerika Serikat) ,caution and advice,"Tornado
Tornado Terjang
Tornado
Tornado"
122,From #Joplin site: Police &fire officials strongly encourage anyone who does not live in the affected area to stay clear of damage site.,caution and advice,"strongly encourage anyone who does not live in the affected area to stay clear of damage site
anyone who does not live in the affected area to stay clear of damage site
strongly encourage anyone who does not live in the affected area to stay clear of damage site."
123,SPC Tornado Watch 411 Status Reports http://dlvr.it/TmnlQ,caution and advice,"Tornado Watch
Tornado
Tornado Watch"
124,Another possible Tornado near Amherst,caution and advice,"possible Tornado
Tornado
possible Tornado"
125,Storms rolling in... The classic combo of thunderstorm warning + tornado watch = sirens... HA HA insomnia storms always defeat you! Zzzzz..,caution and advice,"thunderstorm warning
thunderstorm warning + tornado watch = sirens
thunderstorm warning + tornado watch = sirens"
126, @slashdot: Tornado Risk Seen For Social Security Data Center http://bit.ly/morhoY,caution and advice,"Tornado Risk
Tornado Risk
Tornado Risk
Tornado Risk
Tornado Risk"
127, @CNN: Just In:  A tornado was spotted near midtown Memphis Tennessee according to the National Weather Service.,caution and advice,"tornado was spotted
A tornado was spotted
A tornado was spotted"
128, @newsday: A tornado watch is in effect for Nassau County and all of New York City until 8 p.m. today http://bit.ly/kKCcrC,caution and advice,"A tornado watch
tornado watch
tornado watch
tornado watch"
129, @TWCBreaking: #Tornado near Brimfield MA moving E.  Will pass very close AGAIN to Sturbridge MA.  TAKE COVER!  Alert:  http://wxch. ...,caution and advice,"TAKE COVER! Alert
Tornado near
Tornado"
130,Tornado Warning :(,caution and advice,"Tornado Warning
Tornado Warning
Tornado Warning"
131, @cnnbrk #Tornado warning for Shelby and parts of Crittenden counties Tenn. including Memphis http://on.cnn.com/kslZp0,caution and advice,"Tornado warning
Tornado warning
Tornado warning"
132, @indystar: National Weather Service issues tornado watch for central Indiana until 7 p.m.,caution and advice,"tornado watch
tornado watch
tornado watch"
133, @NBCConnecticut:  @DarrenSweeney: The Storm Prediction Center has extended the Tornado watch for Hartford Tolland and Windham Coun ...,caution and advice,"Tornado watch
Tornado watch
Tornado watch"
134, @TWCBreaking: LARGE multivortex #tornado now near Binger OK or 6 miles south of Hinton.  TAKE COVER NOW below ground!  http://wxch. ...,caution and advice,"tornado now near Binger
TAKE COVER NOW below ground!
Large Tornado sighting
TAKE COVER NOW"
135,NWS dopplar radar indicated a severe storm producing a tornado near Clarksdale Mississippi moving NE at 45 mph (748 pm CDT),caution and advice,"tornado
severe storm producing a tornado
a severe storm producing a tornado"
136, @KATVNews: Tornado warning for Jefferson County White Hall Pine Bluff take cover now. /via @KATVBarry,caution and advice,"Tornado warning
Tornado warning
Tornado warning"
137, @RobinMeade:  @cnnbrk: NWS issues #tornado emergency for Newcastle Norman and Moore Oklahoma http://on.cnn.com/k1ZN2b,caution and advice,"tornado emergency
tornado emergency
tornado emergency
tornado emergency
tornado emergency"
138,So the tornado siren just went off :(:(,caution and advice,"tornado siren
tornado siren
tornado siren"
139,tornado watch extends from,caution and advice,"tornado watch
tornado watch
tornado watch
tornado watch"
140, @DaveSnider: New event. Tornado Warning from 5/24/2011 10:34 PM to 11:00 PM CDT for Barton County Dade Coun... Read more at http://b ...,caution and advice,"Tornado Warning
Tornado Warning
Tornado Warning"
141,Another tornado headed towards Joplin MO. Damn #PrayForJoplin,caution and advice,"tornado
Another tornado
tornado"
142, @danibeej: The whole state of new jersey is under a tornado watch.. Oh.,caution and advice,"tornado watch
tornado watch
tornado watch"
143, @LiberalJaxx:  @trkrsvoice: #Truckers have blocked #Westboro in at the Flying J in #Joplin! If you're near stand with them! #tcot  ...,caution and advice,"Westboro
Truckers have blocked
Truckers have blocked #Westboro in at the Flying J
Truckers have blocked"
144,TORNADO WATCH UNTIL 9 PM IN NE OHIO STRONG TO SVR STORMS WITH A HISTORY OF PRODUCING LG HAIL & ROTATION WILL AFFECT NE OH AND NW PA AT 9 PM,caution and advice,"TORNADO WATCH
TORNADO WATCHSTRONG TO SVR STORMS
TORNADO WATCH;  STRONG TO SVR STORMS"
145, @Rich_WGEM: Tornado on the ground near Harrisonville MO. Another in KS along I-35 near Mile marker 224.,caution and advice,"Tornado on the ground
Tornado on the ground
Tornado on the ground"
146,Tornado Warning for Ouachita and Union Parish in LA until 9:15pm CDT. #lawx,caution and advice,"Tornado Warning
Tornado Warning
Tornado Warning
Tornado Warning"
147,Tornado warning alert but no tornado http://t.co/r4y0FnJ,caution and advice,"Tornado warning
Tornado warning
Tornado warning alert"
148,A SEVERE THUNDERSTORM WARNING REMAINS IN EFFECT UNTIL 315 AM CDT FOR CENTRAL COMANCHE COUNTY http://tinyurl.com/23uk4o5 #okwx,caution and advice,"SEVERE THUNDERSTORM WARNING
SEVERE THUNDERSTORM WARNING
SEVERE THUNDERSTORM WARNING"
149,#Tornado watch till 9 pm CDT Saint Louis city county Jefferson St Charles Franklin Lincoln Pike Warren & Montgomery counties #MO #STL,caution and advice,"Tornado watch
Tornado watch
Tornado watch"
150, @breakingweather: #Tornado on the ground south of Palmer #Mass. & continue moving eastward toward Fiskdale in western Worcester Co.  ...,caution and advice,"Tornado
Tornado on the ground
#Tornado"
151, @weatherchannel: NOAA's Storm Prediction Center:  HIGH risk for severe today.  Dr. Forbes agrees.  Ingredients for #tornado outbreak: ...,caution and advice,"tornado outbreak
HIGH risk for severe
tornado outbreak
tornado outbreak"
152,Tornado warning,caution and advice,"Tornado warning
Tornado warning
Tornado warning
Tornado warning"
153,@2Gs_ Tornado Coming be careful,caution and advice,"Tornado
Tornado Coming
Tornado
Tornado"
154, @twister_tracker: TORNADO WARNING: Love (Oklahoma)  Expires: 05/24/2011 06:45PM (CDT) http://bit.ly/mLnSwe #tornado #okwx #okstorms,caution and advice,"TORNADO WARNING
TORNADO WARNING
TORNADO WARNING
TORNADO WARNING"
155,Jackson Johnson Cass Counties Under Tornado Warnings  http://sns.mx/C8d6y7,caution and advice,"Tornado Warnings
Tornado Warnings
Tornado Warnings"
156,a #tornado hit #japan??,caution and advice,"tornado hit
tornado hit
tornado hit"
157, @severewarn: Severe Thunderstorm Warning for Alfalfa and Grant County in OK until 9:00pm CDT. #okwx,caution and advice,"Thunderstorm Warning
Severe Thunderstorm Warning
Severe Thunderstorm Warning
Severe Thunderstorm Warning"
158, @CBCNews: Possible tornado strikes near Hamilton overnight http://bit.ly/lWg59P,caution and advice,"Possible tornado strikes
tornado strikes
tornado"
159,TORNADO WARNING [ Fillmore NE ][ Nuckolls NE ][ Thayer NE ] Expires: Tue May 31 00:00 EDT #SVRAlert,caution and advice,"TORNADO WARNING
TORNADO WARNING
TORNADO WARNING"
160,TORNADO WARNING in effect for Oakland County till 6:45 p.m. http://bit.ly/j19TMy,caution and advice,"TORNADO WARNING
TORNADO WARNING
TORNADO WARNING"
161,confirmed by @ceitfianna @iamnotree & @mulka: TORNADO WARNING IN ANN ARBOR. Batten down the whatevers.,caution and advice,"TORNADO WARNING
TORNADO WARNING
TORNADO WARNING"
162, @CNN: Just In:  Tornado warning canceled for Joplin Missouri,caution and advice,"Tornado warning canceled
Tornado warning canceled
Tornado warning canceled"
163,Tornado warning Union County in #NEGA #GAWX,caution and advice,"Tornado warning
Tornado warning
Tornado warning"
164,Tornado warning with rotation by Forney #onthelookout,caution and advice,"Tornado warning
Tornado warning
Tornado warning"
165,Tornado warning Sacramento county pls take shelter!,caution and advice,"Tornado warning
Tornado warning
Tornado warning"
166,Tornado Watch issued May 29 at 3:55PM EDT expiring May 29 at 8:00PM EDT by NWS NorthernIndiana... http://dlvr.it/TQDxm,caution and advice,"Tornado Watch
Tornado Watch
Tornado Watch
Tornado Watch
Tornado Watch issued
Tornado"
167,@ktkather well there will not be a tornado tonight.  I would suggest finding some place in the area.  Do you live in a complex or is it sml,caution and advice,"there will not be a tornado tonight
there will not be a tornado tonight
will not be a tornado tonight"
168,@PRIDE2GrowMore I've never seen anything like this before. I'll be shocked if there were no tornado touch downs north of #Guelph.,caution and advice,"tornado touch downs
tornado touch downs
I'll be shocked if there were no tornado touch downs
no tornado touch downs
tornado touch downs
tornado touch downs"
169, @BreakingNews: DFW airport (@dfwairport) has sheltered passengers in the terminal after tornado warning - CBS DFW live stream http:// ...,caution and advice,"tornado warning
sheltered passengers
sheltered passengers in the terminal
sheltered
DFW airport has sheltered passengers"
170,Report of tornado spotted just north of Cerro Gordo. @Matt_Brickman  will be breaking in momentarily with the most up to date information.,caution and advice,"tornado spotted
tornado spotted
tornado spotted"
171, @Boston_Police: National Weather Service has issued Tornado Watch in effect until 8:00PM for several MA counties including Suffolk C ...,caution and advice,"Tornado Watch
Tornado Watch
Tornado Watch"
172,@EmmettLuvr1935 Florence has a tornado watch until 9,caution and advice,"tornado watch
tornado watch
tornado watch"
173,funny how everyone in this second-floor newsroom ignores the blaring tornado sirens outside.,caution and advice,"blaring tornado sirens
tornado sirens
blaring tornado sirens"
174,Tornado Warning for Barry and Calhoun County in MI until 5:00pm EDT. #miwx,caution and advice,"Tornado Warning
Tornado Warning
Tornado Warning"
175,Wtf? Come on now. @TWCBreaking: Tornado warning for #Joplin Mo.!! Radar and warning info: http://wxch.nl/mGgs3M,caution and advice,"Tornado warning
Tornado warning
Tornado warning
Tornado warning"
176, @CNN: Just In: Tornado spotted in Bedford Texas between Fort Worth and Dallas according to the National Weather Service.,caution and advice,"Tornado spotted
Tornado spotted
Tornado spotted"
177, @breakingweather: Reports of a possible #tornado and numerous trees down 2-miles north of Springboro Pennsylvania at 4:55 p.m. EDT.,caution and advice,"possible #tornado
possible tornado and numerous trees down
possible #tornado"
178,Stewart County hit by tornado weather service reports http://twurl.nl/dphwl6 http://twurl.nl/jjaa,caution and advice,"tornado
hit by tornado
hit by tornado"
179, @OKWXTracker: A SEVERE THUNDERSTORM WATCH IS IN EFFECT UNTIL 11:00 PM SATURDAY FOR PAS OF OKLAHOMA http://tinyurl.com/23uk4o5 #okw ...,caution and advice,"SEVERE THUNDERSTORM WATCH
SEVERE THUNDERSTORM WATCH
THUNDERSTORM WATCH IS IN EFFECT"
180,National Weather Service issues TORNADO WARNING for Texas County OK and Beaver County OK until 7:30pm.,caution and advice,"TORNADO WARNING
TORNADO WARNING
TORNADO WARNING"
181,http://twitpic.com/52e998  possible tornado forming by work heading towards @tjmlnarik .  Duck and cover.,caution and advice,"Duck and cover. Possible tornado forming.
possible tornado forming
possible tornado forming"
182,Tornado watch extended until 11pm hope everyone is home or in a safe spot.,caution and advice,"Tornado watch
Tornado watch
Tornado watch
Tornado Watch"
183, @cnnbrk: Rangers Ballpark in Arlington TX evacuated mid-game amid #tornado warning http://on.cnn.com/k1ZN2b,caution and advice,"tornado warning
Tornado warning
tornado warning
tornado warning
tornado warning
Rangers Ballpark"
184,TORNADO WARNING: Kalamazoo (Michigan)  Expires: 05/29/2011 03:45PM (CDT) http://bit.ly/mU0aeM #tornado #miwx,caution and advice,"TORNADO WARNING Expries
tornado warning
TORNADO WARNING"
185,Chance of a tornado: 52% -_____-,caution and advice,"Chance of a tornado
Chance of a tornado
Chance of a tornado"
186,Possible tornado on the ground 1 mile north of Vicksburg...no visual.  NWS radar returns showing visual.,caution and advice,"tornado on the ground
tornado on the ground
Possible tornado on the ground"
187,Tornado watch for Monroe county michigan until 8 pm tonight.,caution and advice,"Tornado Watch
Tornado watch
Tornado watch
Tornado watch"
188,#United States #Pennsylvania #WeatherlyWeather service confirms tornado touched down in Embden Maine - Bangor Daily News,caution and advice,"tornado touched down
tornado
tornado touched down
tornado touched down"
189, @weatherchannel: 3 OK tornadoes have been upgraded to EF4:  1) El Reno/Piedmont....2) Chickasha to Newcastle/Moore....3) Washington/G ...,caution and advice,"3 OK tornadoes have been upgraded to EF4
tornadoes have been upgraded to EF4
tornadoes have been upgraded"
190,#Tornado watch=a tornado is possible in the area. Tornado warning=one has been sighted or indicated take shelter. @fema #kswx #ksstorms,caution and advice,"tornado
Tornado Advice
Tornado watch"
191,TORNADO WARNING: Beaver (Oklahoma)  Expires: 06/11/2011 08:30PM (CDT) http://bit.ly/m0R1db #tornado #okwx #okstorms,caution and advice,"TORNADO WARNING
TORNADO WARNING
TORNADO WARNING
TORNADO WARNING:
TORNADO WARNING"
192," @livewxradar: *** TORNADO WATCH *** until 2AM CDT for IA MN SD ND for LARGE TORNADOES 2.5"" HAIL and 80MPH winds",caution and advice,"TORNADO WATCH for LARGE TORNADOES 2.5"" HAIL and 80MPH winds
TORNADO WATCH LARGE TORNADOES 2.5"" HAIL and 80MPH winds
TORNADO WATCH"
193,Tornado watch Sunday afternoon and evening http://exm.nr/makBhi,caution and advice,"Tornado watch
Tornado watch
Tornado watch"
194,Special Weather Statement issued June 05 at 2:45PM CDT expiring June 05 at 3:45PM CDT by NWS Shreveport ht... http://bit.ly/lQesrZ #OKwx,caution and advice,"Special Weather Statement
Special Weather Statement
N/A
Special Weather Statement issued June 05 at 2:45PM CDT expiring June 05 at 3:45PM CDT"
195, @severestudios: NOW IN EFFECT:  Tornado Watch for portions of the area in IN OH MI until 8:00pm EDT / 7:00pm CDT. http://1.usa.gov/ ...,caution and advice,"Tornado Watch
Tornado Watch
Tornado Watch"
196,ok we are under an official tornado watch until later this morning please keep us in your thoughts and prayers just came over scanner,caution and advice,"tornado watch
tornado watch
tornado watch"
197,SCARY! @twilightus @AngWxGrl Terrifying!!!  @AngWxGrl #Joplin MO: Before & After: http://tinyurl.com/4x8rsmt #tornado,caution and advice,"Before & After
tornado
N/A
tornado"
198,What? There was a tornado in Northern Ireland today? What? #endofdays,caution and advice,"tornado
There was a tornado
tornado
tornado"
199,How to Design a Tornado Safe Room http://ow.ly/56VpL #HomeDesign #Architecture,caution and advice,"Tornado Safe Room
Tornado Safe Room
How to Design a Tornado Safe Room
a Tornado Safe Room"
200,Tornado warning for southern Sedgwick County and southwest Butler County until 8:30 p.m. Storm capable of tornado near Goddard. #ksstorms,caution and advice,"Tornado warning
Tornado warning
Tornado warning"
201,Tornado in Springfield MA. This is crazy. I hope friends in Boston are safe! http://huff.to/mFBizj,caution and advice,"Tornado
Tornado
Tornado in"
202,US day 1 #severe #weather outlook updated #WIND: 30% #HAIL: 30% #TORNADO: 5%  http://goo.gl/IzrNI http://wickedwx.com/2011/06/08/ #wx 55925,caution and advice,"TORNADO
weather outlook updated #WIND: 30% #HAIL: 30% #TORNADO: 5%
TORNADO
weather outlook updated"
203, @MyTexasWeather:  @SgtAndyNorris  @TWCBreaking: Tornado with debris reported in southeast Dallas per NWS Chat. Large wedge near I ...,caution and advice,"Tornado with debris
Tornado with debris
Tornado with debris reported
Tornado with debris
Tornado"
204, @aegirl_2012: Tornado in Bloomington... http://bit.ly/lXWKcW,caution and advice,"Tornado
tornado
Tornado"
205,Tornado Warning for Beaver County in OK until 8:30pm CDT,caution and advice,"Tornado Warning
Tornado Warning
Tornado Warning"
206, @BreakingNews: Spotters confirm a tornado on the ground moving toward Joplin Mo. where a twister on Sunday killed 124 people - CNN,caution and advice,"tornado
tornado on the ground
tornado"
207, @TWCBreaking: Tornado reported on the observation at Dallas' Love Field. #txwx,caution and advice,"Tornado reported on the observation
Tornado
Tornado reported"
208, @KAKEnews: If you are in the city of Wichita you should be in your tornado shelters. #ksstorms,caution and advice,"n/a
tornado
ksstorms
should be in your tornado shelters
tornado"
209,Pawnee county in Ok too!  @severestudios: Tornado Warning for Pawnee County in KS until 7:15pm CDT. #kswx,caution and advice,"Tornado Warning
Tornado Warning
Tornado Warning"
210,Tractors?  @ScottLauber Tornado warning in Detroit. Combo of 10 tractors golf course lawn equipment on tarp. Not a good sign. #RedSox,caution and advice,"tornado warning
Tornado warning
Tornado warning"
211, @TBBrannon: High Risk of Severe Weather today for Northeast and Northcentral Arkansas. A Tornado Watch for Northern 2 rows of countie ...,caution and advice,"Severe Weather
Tornado Watch
Tornado Watch"
212, @tjholmes: Weather spotters confirm a tornado is on the ground moving toward Joplin.,caution and advice,"tornado is on the ground
tornado
tornado is on the ground"
213, @GMA: 18 tornado reports yesterday including 7 in Massachusetts 4 in California and the rest in Nebraska and Kansas (via NWS),caution and advice,"18 tornado reports
tornado reports
18 tornado reports"
214, @Kentuckyweather: Tornado Watch for northern Ky until 9pm EDT,caution and advice,"Tornado Watch
Tornado Watch
Tornado Watc
Tornado Watch"
215,Tornado sirens going off in Marion County (Indianapolis) as severe thunderstorm warning gets issued during a tornado watch.,caution and advice,"Tornado sirens
Tornado sirens going off
Tornado sirens going off
Tornado sirens"
216,Waiting out the Tornado warning at OPCC.  Glad everyone is safe! http://fb.me/RF5uGhGg,caution and advice,"Tornado warning
Tornado warning
Tornado warning"
217, @TWCBreaking: #Tornado EMERGENCY coming from NWS for NW side of Norman Moore and south side of OKC.  TAKE SHELTER NOW.,caution and advice,"Tornado EMERGENCY
Tornado EMERGENCY
Tornado EMERGENCY coming
Tornado EMERGENCY
Tornado EMERGENCY"
218, @Newsweek: A tornado warning in #NYC. A funnel in #Springfield MA. Is this the new normal?! Our cover story this week: http://bit.ly ...,caution and advice,"tornado warning
tornado warning; A funne
tornado warning"
219,A tornado is coming near Memphis...probably won't hit.,caution and advice,"tornado is coming
Tornado
tornado is coming
tornado is coming
tornado
A tornado is coming"
220,@BBCBreaking Tornado near Tuckerman Ar. reported to be 1/2 mile wide - @KATVNews,caution and advice,"Tornado
1/2 mile wide Tornado
Tornado"
221,FWD: severestudios: Tornado Warning for Maries Phelps and Pulaski County in MO until 2:15pm CDT. #mowx,caution and advice,"Tornado Warning
Tornado Warning
Tornado Warning"
222,New tornado warning in Joplin again. :(,caution and advice,"tornado warning
tornado warning
tornado warning"
223,#moore no #Tornado on ground it is thinning out debris falling from sky as slows down,caution and advice,"Tornado on ground
Tornado on ground
Tornado on ground"
224, @JimCantore: TWO HOOKS ONE NEAR DALLAS AND ONE NEAR ONE WEST OF ARLINGTON TX #TXWX #TORNADO,caution and advice,"TWO HOOKS
TWO HOOKS
TWO HOOKS"
225,tornado watch central minnesota,caution and advice,"tornado watch
tornado watch
tornado watch"
226, @KTIVweather: Tornado Warning for Holt County in NE until 5:45pm. http://bit.ly/i5ZgcK,caution and advice,"Tornado Warning
Tornado Warning
Tornado Warning"
227, @BreakingNews: Fans at Rangers game in Arlington Texas are sheltering in place after tornado warning - @CardsFaninBigD http://bit.l ...,caution and advice,"tornado warning
tornado warning
tornado warning"
228, @iembot_iwx: #IWX expires Tornado Warning for  Fulton Williams [OH] till 5:30 PM EDT http://bit.ly/iVAbGg,caution and advice,"Tornado Warning
Tornado Warning
expires Tornado Warning"
229, @txstormchasers: Destructive hail and possible #tornado moving into Dallas County. This is a violent storm! #txwx,caution and advice,"tornado moving into
Destructive hail and possible #tornado
Destructive hail and possible #tornado
tornado"
230,Tornado sirens just went off at 17th and Broadway.,caution and advice,"Tornado sirens
Tornado sirens
Tornado sirens"
231,@noahovernight last fri we went 5:50 to 7 w straight weather bc of a tornado warn in 2 cnties. Lots of people got p'od. But all takes is 1.,caution and advice,"tornado warn
tornado warn
tornado warn"
232,Greenville Mo nickel hail and debris falling from the sky.  tornado 10 miles SW of the city moving towards greenville. #nwspah #mowx,caution and advice,"tornado
tornado 10 miles SW of the city
tornado"
233,2nd day in a row that part of Aroostook Co. ME is under a tornado warning. Rare in that neck of the woods. http://ow.ly/5eiRv #mewx,caution and advice,"tornado warning
tornado warning
tornado warning"
234,@TheDalyPlanet It's a scary afternoon/evening in these parts tornado just up the street and nasty storm after nasty storm rolling through.,caution and advice,"tornado
tornado just up the street
tornado just up the street
tornado
tornado just up the street
tornado"
235,Tornado alarm going off,caution and advice,"tornado alarm
Tornado alarm
Tornado alarm"
236,Everyone please pray for Joplin Missouri again because they are under watch for another tornado.,caution and advice,"watch for another tornado
nder watch for another tornado
Tornado Watch
under watch for another tornado"
237,mad as shit a tornado is going to come pass and it knock out the cellular tower,caution and advice,"tornado is going to come pass
tornado is going to come
tornado is going to come
tornado
tornado"
238,Eek.  Tornado warnings!,caution and advice,"Tornado warnings
Tornado warning
Tornado warning"
239,We have front row tickets to the tornado that's gonna run us over..,caution and advice,"tornado
tornado
tornado
tornado"
240,Tornado is moving away... Thank goodness... That was too close,caution and advice,"Tornado
Tornado
Tornado is moving away"
241,Tornado Warning!,caution and advice,"Tornado Warning
Tornado Warning
Tornado Warning"
242,Talked to a friend from WMass. She was literally running from tornado trying to find safe place to hide. Ended up in strangers basement.,caution and advice,"literally running from tornado trying to find safe place to hide
tornado
running from tornado trying to find safe place to hide"
243,Emergency broadcast now on TV for our area. We are under #tornado watch. Severe thunder storm imminent. #NYwx,caution and advice,"Emergency broadcast
tornado watch
tornado watch"
244,Tornado warning. Sky just went black. At least I got my @NKOTBSB show in before the #Rapture,caution and advice,"Tornado warning
Tornado warning
Tornado warning"
245,Look my TV friends: when tornado sirens go off we want residents to take cover. So get off the damn TV take your crew & take cover,caution and advice,"get off the damn TV, take your crew & take cover
when tornado sirens go off
take your crew & take cover"
246,Funnel cloud spotted about 10 miles south of Danville moving east.  Tornado Warning for Caswell Co NC as a result...,caution and advice,"Tornado Warning
Tornado Warning
Tornado Warning
Funnel cloud"
247, @SnowyWestie: #PAWCIRCLE for @BearBearD in Memphis. Needs #barkbusters #BarkTreeAlert. Tornado on ground. @NoCrybabyDoGs @IamZorro Ba ...,caution and advice,"Tornado on ground
Tornado on ground
Tornado on ground"
248,Tornado watch over here till 10 pm. Oh well it's not gonna hit us anyways.,caution and advice,"Tornado watch over
Tornado watch
Tornado watch"
249,"Um tornado warning with the sirens while being shuffeled  into a ""safe"" section of the grocery store.",caution and advice,"tornado warning with the sirens
tornado warning
tornado warning with the sirens"
250, @RedCross: #Tornado watches and warnings in the northeast right now and through evening- pay attention to news and local authorities ...,caution and advice,"Tornado watches and warnings
Tornado watches and warnings
Tornado watches and warnings"
251,Volcano eruption Tornado Flood Cattle Plague... is the end of the world coming soon?,caution and advice,"Volcano eruption, Tornado, Flood, Cattle Plague.
Volcano eruption, Tornado, Flood, Cattle Plague
Tornado"
252,tornado watch #ineffect,caution and advice,"tornado watch
tornado watch
tornado watch"
253,#txwx Storm still firing north of Houston tonight that are extending from the line across the us.,caution and advice,"Storm
Storm still firing
Storm still firing"
254, @TWCBreaking: Confirmed #tornado on ground 3 miles SW of Chickasha OK per fire dept.  TAKE COVER NOW!!!!  Radar:  http://wxch.nl/iGpssz,caution and advice,"Tornado on ground
tornado on ground
tornado on ground
Confirmed tornado on ground, TAKE COVER NOW"
255, @shawncable: Tornado reported on the gound near Ramona SD... heading northeast. #sdwx,caution and advice,"tornado
Tornado reported on the gound
Tornado reported"
256, @severestudios: There is a small Tornado Watch in effect that includes Columbia and St. Louis MO:  http://1.usa.gov/kxdEDC  #mowx,caution and advice,"Tornado Watch
Tornado Watch
Tornado Watch
Tornado Watch"
257,Tornado sirens,caution and advice,"Tornado sirens
Tornado sirens
Tornado sirens
Tornado sirens"
258, @RoyalOakPatch Tornado WARNING now in effect. Take cover Royal Oak!,caution and advice,"Tornado WARNING
Tornado WARNING
Tornado WARNING"
259, @KOMUnews: Tornado Watch for Chariton Howard Macon and Randolph County until 3:00am CDT.,caution and advice,"Tornado Watch
Tornado Watch
Tornado Watch"
260, @WxChrisB: People in SW Hunt and NE Kaufman need to take tornado precautions at this time. #txwx,caution and advice,"tornado precautions
tornado precautions
tornado precautions
tornado"
261,Tornado headed for downtown Kansas City,caution and advice,"Tornado
Tornado headed
Tornado headed
Tornado headed
Tornado headed"
262,Tornado just touchdown at castleton square mall and jump over tantrum,caution and advice,"Tornado just touchdown
Tornado just touchdown
Tornado just touchdown"
263, @VeganCapitalist: Tornado watch issued for NYC and surrounding counties. Get your animal companions inside!,caution and advice,"Tornado watch
Tornado watch
tornado watch"
264, @cupofteaintexas: TORNADO WARNING EXTENTED! Hutchins and Balch Springs take cover!,caution and advice,"TORNADO WARNING EXTENTED
TORNADO WARNING
TORNADO WARNING EXTENTED!"
265,There's also a tornado watch in my (Sydney) state Massachusetts. In just minutes it's supposingly going to hit my area. Pray PLEASE.,caution and advice,"tornado watch
tornado watch
tornado watch
a tornado watch"
266,Tornado sirens going off again in Owensboro.,caution and advice,"Tornado sirens going off
Tornado sirens
sirens going off"
267,The tornado's gonna come and get me! http://t.co/wZ61PaJ,caution and advice,"tornado
tornado's
tornado's gonna come
tornado's gonna come
tornado"
268,@reedtimmerTVN tornado warning just issued for lower Michigan.,caution and advice,"tornado warning
tornado warning
tornado warning
tornado warning"
269,TORNADO WARNING has been canceled for VIGO but continues for Fountain Parke and Vermillion until 7:15pm EDT!,caution and advice,"TORNADO WARNING
TORNADO WARNING has been canceled
TORNADO WARNING"
270,What the deuce? Tornado in Yuba City and it's fuckin June wow... We got some Midwest weather now,caution and advice,"Tornado
Tornado
Tornado
Tornado"
271,Up to 104 so far in Lubbock today 106 at Turkey and Paducah 107 so far at Northfield. #txwx,caution and advice,"n/a
Up to 104 so far in Lubbock today, 106 at Turkey and Paducah, 107 so far at Northfield
Up to 104 106 107
N/A"
272,A Tornado Warning has been issued for for Pemiscot-MO Dyer-TN Lake-TN & Obion-TN until 07:30 PM  #weather,caution and advice,"Tornado Warning
Tornado Warning
Tornado Warning
Tornado Warning
Tornado Warning"
273,from the looks of it there's a tornado outside my window BUT my bestie insists we go to the gym anyway -_-.. i just want ice cream,caution and advice,"tornado
tornado
tornado"
274,TORNADO WARNING [ Barry MI ][ Calhoun MI ] Expires: Sun May 29 17:00 EDT #SVRAlert,caution and advice,"TORNADO WARNING
TORNADO WARNING
TORNADO WARNING
TORNADO WARNING"
275,tornado watch for Binghamton and surrounding areas. be safe...definitely OUT of here lmao,caution and advice,"tornado watch
tornado watch
tornado watch
tornado watch"
276,Leominster MA tornado warnings and lightning #TwitPict http://twitpic.com/55nttb,caution and advice,"tornado warnings and lightning
tornado warnings
tornado warnings"
277, @MarleeMatlin: Tornado Watch for New York City If you know anyone deaf or hard of hearing or physically disabled reach out/make sure ...,caution and advice,"Tornado Watch
Tornado Watch
Tornado Watch
Tornado Watch"
278,There is no tornado it's a watch not a warning so all you can come out of ur basement,caution and advice,"tornado  watch
no tornado
no tornado
no tornado it's a watch not a warning"
279,Seems like that last blob on the radar passed us up waiting another 5 minutes for the next one. Ellsinore MO sees Tornado #weather,caution and advice,"Tornado
Seems like that last blob on the radar passed us up, waiting another 5 minutes for the next one.
Tornado"
280,@Cedric_Supreme hey man i'm seeing this tornado and bad weather on the news for Oklahoma...just wondering if ur ok?,caution and advice,"i'm seeing this tornado
tornado
tornado and bad weather"
281, @reedtimmerTVN: Possible tornado near Holiday City OH,caution and advice,"Possible tornado
Possible tornado
Possible tornado
tornado"
282,Tha NWS has confirmed a tornado touched down in Shiawassee County. I'm headed there now...look for a live report @ABC12WJ at Noon.,caution and advice,"tornado touched down
tornado touched down
tornado touched down
tornado touched down"
283,@Samantha_Busch WI may be under tornado warnings but we are still going to watch@KyleBusch win the prelude!,caution and advice,"tornado warnings
under tornado warnings
tornado warnings
tornado warnings"
284,BREAKING NEWS: TORNADO REPOED IN THE STORM HEADING MY WAY,caution and advice,"TORNADO REPOED
TORNADO REPOED
TORNADO
TORNADO REPORTED"
285, @palmerlaw: Report: *** Tornado Warning *** SIRENS in #chambana - Tornado on ground I72 near Route 47 exit going E-NE #chambana #CUstorms,caution and advice,"Tornado Warning
Tornado Warning
Tornado Warning SIRENS Tornado on ground"
286, @eman2936: How come everyone talking bout hail and aint no rain here just tornado sirens going off?,caution and advice,"bout hail , tornado sirens
tornado sirens
tornado sirens going off
tornado sirens"
287,If they dont stop sayin more tornado warnings huh .....,caution and advice,"tornado warnings
tornado warnings
tornado warnings"
288,Tornado warning in belton Everybody Go To Yal Basements & get shoes & blankets,caution and advice,"Tornado warning Everybody Go To Yal Basements & get shoes & blankets
Tornado warning
Tornado warning"
289,Tornado Warning - I hate these things ! #scary,caution and advice,"Tornado Warning
Tornado Warning
Tornado Warning"
290, @Bittersw33tstar: were under a tornado watch... WOW,caution and advice,"tornado watch
tornado watch
tornado watch.
tornado watch
tornado watch
tornado watch"
291,Tornado warnings always cool. Its super windy & rainy outside. The thunder is shakin my house... #scared,caution and advice,"Tornado warnings
N/A
Tornado warnings
Tornado warnings"
292,tornado heading our way. i just want to say I love you all.,caution and advice,"tornado
tornado heading our way
tornado
tornado heading"
293,Tornado warning sirens goin off in NKC,caution and advice,"Tornado warning sirens
Tornado warning sirens
Tornado warning sirens goin off"
294,Tornado sirens going off again in Dallas,caution and advice,"Tornado sirens
Tornado sirens going off
Tornado sirens"
295,Omg. Its the scary tornado alarm sirens.,caution and advice,"scary tornado alarm
scary tornado alarm sirens
tornado alarm sirens"
296,Weather in Boston and NYC on Alert After Tornado http://bit.ly/mH3krp  tornado,caution and advice,"Tornado
Tornado
Alert After Tornado
Alert After Tornado
Tornado"
297, @boomeronkissfm: Tornado Warning in Effect for Fulton County NOW.  TORNADO WATCH in effect for the entire kiss fm listening area unti ...,caution and advice,"Tornado Warning
Tornado Warning
Tornado Warning TORNADO WATCH"
298,Holy canoli - Joplin Missouri has a tornado headed towards it @ 45mph - Oh no :(,caution and advice,"tornado
tornado headed towards it
tornado headed towards"
299,Tornado watch for NYC-New England.  Looks like God has had enough of Sarah Palin's bus tour.,caution and advice,"Tornado watch
Tornado watch
Tornado watch"
300, @spann: Tornado warning in effect for Joplin MO,caution and advice,"Tornado warning
Tornado warning
Tornado warning"
301, @garytx:  @spotternetwork: 12:13AM CDT Tor&lt;-Evnt 0 miles WNW of Ozark AR-Tornado reported on the ground near Ozark by storm spo ...,caution and advice,"Tornado reported on the ground
Tornado reported on the ground
Tornado"
302, @stefanieneves: So it was 42 degrees today and now there's a tornado warning up north/prob in the gta soon? #fiomothernature,caution and advice,"tornado warning
tornado warning
tornado warning
tornado warning"
303,I guess I better go find a stream... tornado warning for Monroe county...,caution and advice,"tornado warning
tornado warning
tornado warning"
304,Strong storms coming in this afternoon too. Tornado watch till 8 issued here in Maine which is very unusual.,caution and advice,"Tornado watch
Tornado watch
Tornado watch
Strong storms coming in this afternoon, too. Tornado watch"
305,#ATFU  @ORGNL: Tornado Alley aint fucking around weatherally and musically,caution and advice,"Tornado Alley aint fucking around
N/A
Tornado Alley aint fucking around, weatherally and musically
aint fucking around,  weatherally and musically"
306, @weatherchannel: Wish we didn't have to write this....another multi-day #tornado outbreak is looming.  The ingredients and forecast:  ...,caution and advice,"tornado outbreak
tornado outbreak
multi-day #tornado outbreak is looming
tornado outbreak is looming"
307, @KTVB: SEVERE WEATHER ALE: Tornado watches in effect for three Idaho counties:  http://bit.ly/1v5xG,caution and advice,"Tornado watches
Tornado watches
Tornado watches
SEVERE WEATHER ALE"
308,@I_am_Serenity tornado on the ground. Western side of KC,caution and advice,"tornado on the ground
tornado on the ground
tornado on the ground.
tornado on the ground"
309,anyone in the Livingston County please be careful we are under a Tornado Warning!  Sirens are going on around Briarwood Mall! #BadWeather,caution and advice,"Tornado Warning!
Tornado Warning
Tornado Warning
Tornado Warning
Tornado Warning Sirens are going on around"
310,Tornado count as of May 29 2010: 437. Tornado count as of May 29 2011: 960. Difference: 523.,caution and advice,"Tornado count
Tornado count
Tornado count"
311, @DFWscanner: Tornado is now reported near the Park Cities/Preston Hollow area.,caution and advice,"Tornado
Tornado is now reported
Tornado is now reported
Tornado"
312,Tornado warning has been re-issued for Washington County.,caution and advice,"Tornado warning
Tornado warning
Tornado warning"
313,Uh oh the tornado is lurkin,caution and advice,"tornado is lurkin
tornado
tornado is lurkin
tornado
tornado is lurkin"
314,Hope all the #JoplinTornado are safe and sound(: and Sorry for any loses &lt;3,caution and advice,"Tornado are safe
Hope all the #JoplinTornado are safe and sound
Tornado"
315,I pull my head out of writing in seclusion to discover NYC is now under a tornado watch. Can't I leave you people alone for a minute?,caution and advice,"tornado watch
tornado watch
tornado watch
tornado watch"
316, @the33news: Tornado warning issued for following counties: Collin Cooke Dallas Denton Grayson Parker Tarrant Wise,caution and advice,"Tornado warning
Tornado warning
Tornado warning issued"
317, @shanamama9197: #Tornado touchdown in Irving TX,caution and advice,"Tornado touchdown
Tornado touchdown
Tornado touchdown"
318,Severe Thunderstorm Watch for portions of the area in OK until 1:00am CDT. #okwx,caution and advice,"Severe Thunderstorm Watch
Severe Thunderstorm Watch
Thunderstorm Watch
Severe Thunderstorm Watch"
319,Basically a tornado outside. What is happening. So scared.,caution and advice,"tornado outside
tornado
tornado"
320, @News10_CA: NWS has issued a tornado warning for Sacramento and Yolo counties.  Possible tornado to hit near Power Balance Pavillion.,caution and advice,"tornado warning
tornado warning
tornado warning
tornado warning
tornado warning"
321, @Sportsgeek4life:  @JimCantore: OKMULGEE BEGGS OK AREA still strong rotation coming your way. #okwx,caution and advice,"strong rotation
strong rotation coming
strong rotation
still strong rotation"
322,A rotating wall cloud is 4 mi NW of Azle moving E at 40. No tornado has been observed at this time. -sm,caution and advice,"rotating wall cloud
rotating wall cloud
rotating wall cloud No tornado has been observed"
323,Tornado touched down up the street. A lil scared stupid.,caution and advice,"Tornado touched
Tornado touched down
Tornado touched down
Tornado touched down"
324, @txflygirl: Are you kidding me?   @TWCBreaking: Tornado warning for #Joplin Mo.!! Radar and warning info: http://wxch.nl/mGgs3M / OMG!,caution and advice,"Tornado warning
Tornado warning
Tornado warning
Tornado warning"
325,@KeatonMiles are you all in tornado warnings also?,caution and advice,"tornado warnings
tornado warnings
tornado warnings
tornado warnings"
326,Good luck with that tornado warning @ndirish11,caution and advice,"tornado warning
tornado warning
tornado warning
tornado warning
tornado warning"
327,Tornado warnings for Washtenaw/Livingston Counties MI until 6:15pm. NWS is giving people plenty of warning on these storms. Pay attention!,caution and advice,"Tornado warnings
Tornado warnings
Tornado warnings"
328,@Christy5Q my Rhode Island peeps are freaking out because they're under a tornado watch.  Half of them think it's a warning.  Rookies,caution and advice,"tornado watch
tornado watch
tornado watch
tornado watch"
329, @OntarioWarnings: Red Alert for City of Hamilton due to tornado warning ended.,caution and advice,"tornado warning
tornado warning ended
tornado warning
tornado warning ended."
330,Well tornado sirens are going off.,caution and advice,"tornado sirens
tornado sirens are going off
tornado sirens"
331,And apparently there's now a tornado watch for my county eep.,caution and advice,"tornado watch
tornado watch
tornado watch"
332,Thinking about you #Dallas area  @birdy27: sirens just went off in the #dallas area!! authorities askg folks 2 take cover. #tornado...,caution and advice,"sirens just went off  take cover
tornado
sirens"
333,Tornado warning! Fuck yeah!!,caution and advice,"Tornado warning
Tornado warning
Tornado warning"
334, @rolandsmartin:  @TWCBreaking Brief tornado reported (15) mins. ago near Lake Nocona in N. TX. No damage reported.,caution and advice,"tornado reported
Brief tornado reported
tornado reported
Brief tornado reported"
335, @TWCBreaking: Tornado with debris reported in southeast Dallas per NWS Chat. Large wedge near I-45 south of I-20.,caution and advice,"Tornado with debris reported
Tornado with debris
Tornado with debris;  Large wedge"
336, @TWCBreaking: Tornado reported on the observation at Dallas' Love Field.,caution and advice,"Tornado reported
Tornado
Tornado reported
Tornado"
337, @fema: #Tornado #safetytip: Stay away from downed power lines and report them to the power company. http://m.fema.gov #Joplin,caution and advice,"#safetytip: Stay away from downed power lines, and report them to the power company.
Tornado Advice
Stay away from downed power lines"
338, @severestudios:  @FindTheTornado: http://1.usa.gov/loKp2S PDS Tornado Watch is NOW out... please be safe  [MO IL IN KY],caution and advice,"Tornado Watch is NOW out
Tornado Watch
Tornado Watch
Tornado Watch"
339, @WUSTL: Tornado warnings issued for counties in STL area. Please observe emergency notifications & seek shelter. http://emergency.wus ...,caution and advice,"Tornado warnings
Tornado warnings issued
Tornado warnings"
340, @severewarn: Tornado Warning for Ballard Carlisle Fulton Graves Hickman and McCracken County in KY until 7:30pm CDT. #kywx,caution and advice,"Tornado Warning
Tornado Warning
Tornado Warning"
341,Gah that's where @exitrows is   @CNN: Just In: Tornado spotted in Bedford Texas between Fort Worth and Dallas according to the NWS,caution and advice,"Tornado spotted
Tornado
Tornado spotted
Tornado spotted"
342,Damn. Another tornado watch jus popped up,caution and advice,"tornado watch
tornado watch
tornado watch"
343,Tornado warning o.O what tha fawk? Akward area -_- this world is deadening: http://yearbook.com/a/1c0zho,caution and advice,"Tornado warning
Tornado warning
Tornado warning"
344,@jpsgolfmom I haven't followed it since I read it but there was a tornado 6 miles SW of KZoo headed NE at 55 MPH a little earlier.,caution and advice,"tornado
was a tornado
tornado"
345,#RAPTURE just sayin'  @CNYcentral Tornado watch in effect for most of #CNY through 10:00 PM http://www.cnycentral.com/weather,caution and advice,"Tornado watch
Tornado watch
Tornado watch"
346, @severestudios: Tornado Warning for Kalamazoo County in MI until 4:45pm EDT. #miwx,caution and advice,"Tornado Warning
Tornado Warning
Tornado Warning"
347,WARNING: Tornado warning issued for Yolo County  http://sns.mx/IEcJy6,caution and advice,"Tornado warning
Tornado warning
Tornado warning
Tornado warning"
348,We were under a tornado warning this week - check out these creepy clouds  http://t.co/r0eYcc8,caution and advice,"tornado warning
tornado warning
tornado warning"
349,Becareful dude!  @mud_Ball Potential Tornado warning for the night... Had one land last night near my house.... I slept thru it tho &gt;_&gt;,caution and advice,"Potential Tornado warning
Potential Tornado warning
Tornado warning"
350, @flintjournal: Weather update: Southern tier of Michigan under tornado watch http://bit.ly/iTtDhE,caution and advice,"tornado watch
tornado watch
tornado watch
tornado watch"
351,Tornado kills 2 in suburban Oklahoma City: Two people were killed and three children were critically injured Tuesday... http://dlvr.it/StD8K,caution and advice,"Tornado kills 2
Tornado
Tornado kills 2
Tornado"
352, @TWCBreaking: #Tornado EMERGENCY coming from NWS for NW side of Norman Moore and south side of OKC.  TAKE SHELTER NOW.,caution and advice,"Tornado EMERGENCY
Tornado EMERGENCY
Tornado EMERGENCY
Tornado"
353,more storms... Tornado watch until 10 pm.,caution and advice,"Tornado watch
Tornado watch
Tornado watch"
354,Tornado sirens.....smh,caution and advice,"Tornado sirens
Tornado Sirents
Tornado sirens
Tornado sirens
Tornado sirens
Tornado sirens"
355, @stormchaser4850:ARKANSAS (DEV)Emergency management reported a tornado on the ground near Austin moving NE at 50 mph (723 pm CDT) #arwx,caution and advice,"tornado on the ground
tornado on the ground
tornado on the ground
tornado on the ground
tornado on the ground"
356, @severestudios: Tornado Warning for Hardy County in WV until 6:30pm EDT. #wvwx,caution and advice,"Tornado Warning
Tornado Warning
Tornado Warning"
357,Tornado Warning issued May 25 at 12:05PM CDT expiring May 25 at 12:30PM CDT by NWS Kansas City http://www.crh.no... http://bit.ly/kmKEpr,caution and advice,"Tornado Warning
Tornado Warning
Tornado Warning
tornado warning"
358,dallas kaufman and rockwall counties now face tornado warning until 9:45,caution and advice,"tornado warning
tornado warning
tornado warning"
359, @BreakingNews: Spotters confirm a tornado on the ground moving toward Joplin Mo. where a twister on Sunday killed 124 people - CNN,caution and advice,"tornado
tornado on the ground
tornado on the ground"
360,Tornado Watch for portions of the area in IL until 9:00pm CDT. #ilwx,caution and advice,"Tornado Watch
Tornado Watch
Tornado Watch"
361,Forecast for tomorrow? Flood watch Tornado watch Severe Thunderstorm warning. #sweet,caution and advice,"Flood watch, Tornado watch, Severe Thunderstorm warning
Flood watch, Tornado watch, Severe Thunderstorm warning
Tornado watch, Severe Thunderstorm"
362,Geez tornado watch for MA and severe storms due in tonite...of course when I'm stoked to catch Ray LaMontagne. #damnyouweather,caution and advice,"tornado watch
tornado watch
tornado watch
tornado watch"
363, @TWCBreaking: Those in Guthrie OK need to TAKE COVER NOW.  LARGE VIOLENT #TORNADO HEADED TOWARD THAT AREA!!!  PLEASE RETWEET!!!,caution and advice,"TORNADO
TORNADO
TORNADO HEADED
LARGE, VIOLENT #TORNADO"
364, @stormchaser4850: Correction: DEVELOPING: Emergency management reported a tornado on the ground near Austin Mississippi moving NE at ...,caution and advice,"tornado
tornado on the ground
tornado on the ground
tornado on the ground"
365,New event. Tornado Warning from 5/25/2011 1:28 PM to 2:00 PM CDT for Ray County Carroll County. More information.... http://fb.me/Ix0gvwIa,caution and advice,"tornado warning
Tornado Warning
Tornado Warning
Tornado Warning
Tornado Warning"
366, @ZachNews: Breaking Weather News!!!: Weather Channel; Mile wide tornado on the ground near Ozark AR. & Caulksville AR. Get To Safet ...,caution and advice,"tornado on the ground
Mile wide tornado on the ground
Ozark, AR. & Caulksville, AR"
367, @TWCBreaking: Tornado reported on the observation at Dallas' Love Field.,caution and advice,"Tornado reported
tornado
Tornado reported
Tornado reported on the observation
Tornado"
368,Tornado Warning for Mississippi County in AR until 7:30pm. Alert detail : http://bit.ly/jF3n7v #ARWX,caution and advice,"Tornado Warning
Tornado Warning
Tornado Warning"
369, @TWCBreaking: Line of storms with #tornado warnings moving through western KY.  #Tornado warning for #Paducah http://wxch.nl/iOgYdu,caution and advice,"tornado warnings
tornado warning
tornado warnings"
370,Another Tornado is on the way to Joplin Mo. The Gov. Gave out a warning http://wxch.nl/mGgs3M,caution and advice,"Tornado
Tornado Warning
Tornado warning"
371, @BreakingNews: City of Dallas activates sirens after tornado warning. Asks residents to 'seek shelter and monitor the news' http://on ...,caution and advice,"sirens after tornado warning
sirens after tornado warning
tornado warning"
372, @spann: Tornado warning for Oxford MS and the Ole Miss campus... #mswx,caution and advice,"Tornado warning
Tornado warning
Tornado warning"
373, @TWCBreaking: TAKE COVER NOW in Salem SD.  Possible rain-wrapped #tornado headed toward you now!!!!,caution and advice,"Possible rain-wrapped #tornado
tornado headed toward you now
tornado"
374, @nbc15_madison: CONFIRMED EF1 TORNADO LAST NIGHT from 7:41pm 2.5 miles WSW of Verona to 3 miles NE of McFarland at 8:02pm. Storm path ...,caution and advice,"CONFIRMED EF1 TORNADO
TORNADO
CONFIRMED EF1 TORNADO
CONFIRMED EF1 TORNADO"
375,So Word ON The Street Its About To Be A Tornado ...,caution and advice,"Tornado
Tornado Warning
Tornado"
376,TORNADO WATCH in effect  Bradford County until 10 PM Thursday May 26th. Stay tuned to local media NOAA Weather Radio etc.,caution and advice,"TORNADO WATCH
TORNADO WATCH
TORNADO WATCH
TORNADO WATCH"
377, @DavidLimbaugh: Unbelievable.  @toddstarnes: Tornado sirens going off in Joplin.,caution and advice,"Tornado sirens
Tornado sirens
Tornado sirens going off"
378, @severestudios: Tornado Warning for Muskogee Okmulgee Tulsa and Wagoner County in OK until 9:15pm CDT. #okwx,caution and advice,"Tornado Warning
tornado
Tornado Warning"
379,Taking shelter for tornado warning.. Yeah missouri! #homesick #tothemax,caution and advice,"tornado warning
tornado warning
tornado warning"
380, @severestudios: Tornado Warning for Lake McCook and Minnehaha County in SD until 8:30pm CDT. #sdwx,caution and advice,"Tornado Warning
Tornado Warning
Tornado Warning
Tornado Warning
Tornado Warning"
381,Tornado warning? #notcool,caution and advice,"Tornado warning
Tornado warning
Tornado warning"
382, @Weatherbird: The storms have passed here but there are still tornado warnings in eastern Arkansas southeast Missouri and western T ...,caution and advice,"tornado warnings
tornado warnings
tornado warnings
tornado warning"
383,#Tornado watches issued until 8:00am for portions of #Missouri #Illinois and #Iowa. http://www.spc.noaa.gov/products/watch/ww0366.html,caution and advice,"Tornado watches issued
Tornado watches issued
Tornado watches issued"
384, @viequesbound: / @TWCBreaking: A number of storms in central #Indiana including near Indianapolis with #tornado warnings.  Radar: h ...,caution and advice,"tornado warnings
storms
tornado warnings
tornado warning
storms"
385, @KellyKCTV5: benton under tornado warning until 12:45,caution and advice,"tornado warning
tornado warning
tornado warning
tornado warning"
386,TORNADO WARNING issued for parts of OSBORNE; ROOKS counties in KS until 06:45 PM CT - http://wx4.me/KGIDT0038,caution and advice,"TORNADO WARNING
TORNADO WARNING
TORNADO WARNING
TORNADO WARNING"
387, @wx8: Tornado warning for Kzoo county.  #wmiwx,caution and advice,"Tornado warning
Tornado warning
Tornado warning"
388,See the destruction the Tornado's are recking on the east and mid-west we can send out our prayers. The most... http://fb.me/12orPwnTv,caution and advice,"Tornado's are recking
Tornado's are recking
Tornado"
389,#Detroit Tornado watch issued for Metro Detroit http://bit.ly/kPFdv9,caution and advice,"Tornado watch
Tornado watch
Tornado watchissued"
390,WeatherAction LongRange Forecast of ~23-24 MAY EXTRA TOP RED WARNING and DANGEROUIS TORNADO SWARM http://t.co/QRBnvaK via @twitpic len holli,caution and advice,"Forecast EXTRA TOP RED WARNING and DANGEROUIS TORNADO SWARM
TORNADO SWARM
LongRange Forecast
TORNADO SWARM"
391,THERE'S A TORNADO WARNING FOR OAKLAND,caution and advice,"TORNADO WARNING
TORNADO WARNING
TORNADO WARNING"
392, @weatherchannel: #Tornado watch until 8pm for N. IN S. MI and NW OH until 8pm EDT.,caution and advice,"Tornado watch
#Tornado watch
Tornado watch
Tornado watch
Tornado"
393,The NWS has issued a TORNADO WATCH for Tishomingo County until May 25 at 10:00PM CDT  http://alerts.weather.gov/cap/wwaatmget.php?x=MSC141,caution and advice,"TORNADO WATCH
TORNADO WATCH
TORNADO WATCH"
394,NO tornado warnings in effect at this time but at least 15 active severe thunderstorm warnings across... http://fb.me/CtgC790o,caution and advice,"severe thunderstorm warnings
NO tornado warnings
tornado warnings"
395, @TWCBreaking: SECOND #tornado just reported in north Springfield MA!  TAKE COVER in Ludlow and along U.S. 20 corridor!  http://wxch ...,caution and advice,"tornado just reported
SECOND #tornado
tornado just reported"
396, @Flyingright1: Fox reporting tornado spotted on the ground in Dallas near Highland Park. #tcot #Texas,caution and advice,"tornado spotted on the ground
tornado spotted on the ground
tornado spotted
tornado spotted"
397,Tornado Watch Issued: The National Weather Service has issued a tornado watch until 8 p.m. Thursday for much of... http://dlvr.it/T67MW,caution and advice,"tornado watch
Tornado WatchIssued
Tornado Watch"
398, @iAM_ALfonso: Leverett MA (Franklin) field off Rt 63. Units confirming a tornado has touched down. @WWLP seriously?! again?! #westernma,caution and advice,"tornado has touched down
tornado has touched down
tornado has touched down
tornado has touched down"
399, @4029news: The big tornado will pass to the south of Ozark. Not just Doppler-indicated but spotter-confirmed.,caution and advice,"big tornado
big tornado will pass
big tornado spotter-confirmed"
400, @paulrosania: Tornado watch in Boston. Nature please respect my entrepreneurial right to uninterrupted internet access.,caution and advice,"Tornado watch
Tornado watch
Tornado watch"
401,TORNADO WARNING in effect until 6:30pm EDT in Indiana for Greene Monroeand Owen Counties. If you're in those... http://fb.me/ZZyg5b0V,caution and advice,"TORNADO WARNING
TORNADO WARNING
TORNADO WARNING"
402,Tornado Warning for Tippecanoe and Warren County in IN until 10:00pm EDT. #inwx,caution and advice,"Tornado Warning
Tornado Warning
Tornado Warning"
403, @twister_tracker: TORNADO WARNING: Alfalfa; Major (Oklahoma)  Expires: 05/24/2011 04:45PM (CDT) http://bit.ly/kX9m5x #tornado #okwx # ...,caution and advice,"TORNADO WARNING
TORNADO WARNING:
TORNADO WARNING"
404, @TWCBreaking: Those in Guthrie OK need to TAKE COVER NOW.  LARGE VIOLENT #TORNADO HEADED TOWARD THAT AREA!!!  PLEASE RETWEET!!!,caution and advice,"TAKE COVER NOW
TORNADO HEADED TOWARD THAT AREA
LARGE, VIOLENT #TORNADO HEADED TOWARD THAT AREA"
405,Tornado watch issued for New York City surrounding counties - NBC NY http://bit.ly/k8Ygf1,caution and advice,"Tornado watch
Tornado watch
Tornado watch
Tornado watch"
406,Be on the lookout for strong to severe t'storms this evening.  Tornado Watch in effect until 8PM.  Andy & Julie will have updates on TV 10.,caution and advice,"Tornado Watch
Tornado Watch
Tornado Watch t'storms
Tornado Watch"
407, @tornadochasers: #weather SPC MD 1014: MD 1014 CONCERNING SEVERE THUNDERSTORM WATCH 394... FOR NRN IL...NRN IND...SRN... http://1.usa ...,caution and advice,"SEVERE THUNDERSTORM WATCH
SEVERE THUNDERSTORM WATCH
THUNDERSTORM WATCH"
408, @JimCantore: TWO HOOKS ONE NEAR DALLAS AND ONE NEAR ONE WEST OF ARLINGTON TX #TXWX #TORNADO,caution and advice,"TWO HOOKS
TWO HOOKS, #TORNADO
TWO HOOKS
TWO HOOKS"
409, @TWCBreaking: Power flashes reported in the Dallas area.  New warning indicates possible tornado near University Park.,caution and advice,"possible tornado
warning indicates possible tornado
Tornado Warning
Power flashes; possible tornado"
410,Tornado Watch...,caution and advice,"Tornado Watch
Tornado Watch
Tornado Watch"
411, @andersoncooper: In many destroyed areas here in #Joplin there is a terrible silence broken only by the sound of rain and wind,caution and advice,"many destroyed areas
tornado
rain and wind
destroyed areas"
412, CBSAtlBreaking: Tornado Warning For Union County In North Central Georgia: CBSAtlBreaking: Tornado Warning Fo... http://bit.ly/iswyFK,caution and advice,"Tornado Warning
Tornado Warning
Tornado Warning
Tornado Warning
Tornado Warning"
413,Just heard about the tornado in Mass. Hope everyone is ok. My heart and thoughts are with you xx,caution and advice,"heard about the tornado
tornado
heard about the tornado
tornado"
414, @dallas_news: Weather observer at Dallas Love Field has sighted a tornado in the storm approaching the city from the west.,caution and advice,"tornado
sighted a tornado
sighted a tornado"
415,TORNADO WARNING issued for parts of UNION county in GA until 05:45 PM ET - http://wx4.me/KFFCT0060,caution and advice,"TORNADO WARNING
TORNADO WARNING
TORNADO WARNING"
416, @NBCDFW: Spotters and radar see tornado in Highland Park. Take Cover.,caution and advice,"Spotters and radar see tornado
Tornado Sighting
see tornado"
417,whoa   @7News *Tornado *WATCH for much of MA southern NH until 8pm. Conditions are favorable for severe t-storms with tornadoes later,caution and advice,"Tornado *WATCH
Tornado *WATCH
Tornado *WATCH"
418,Event cancelled. Tornado Watch from 5/24/2011 9:12 PM to 10:00 PM EDT for Wilkes County Ashe County Watauga County. http://bit.ly/kTfil7,caution and advice,"Event cancelled.
Tornado Watch
Tornado Watch"
419, @TWCBreaking: Tornado warning for #Joplin Mo.!! Radar and warning info: http://wxch.nl/mGgs3M,caution and advice,"Tornado warning
Tornado warning
Tornado warning for"
420,At 08:33 PM NWS HUN has issued a Tornado Watch for Colbert Franklin Lauderdale Lawrence & Limestone Counties until 04:00 AM.,caution and advice,"Tornado Watch
Tornado Watch
Tornado Watch"
421, @JimCantore: Joplin just upgraded to EF5.  Threat 11pm or later here. #joplin # mowx | crap!,caution and advice,"upgraded to EF5
Joplin just upgraded to EF5
just upgraded to EF5"
422, @severestudios: People in and around McCrory ARK take cover now!  (5:04pm)  #arwx #tornado #outbreak @NoCrybabyDoGs,caution and advice,"#tornado
People in and around McCrory, ARK take cover now!
tornado #outbreak"
423,TORNADO WARNING FOR SOUTH CENTRAL LA SALLE COUNTY & LIVINGSTON COUNTY... UNTIL 730 PM *** SEVERE THUNDERSTORM... http://fb.me/Mc2kjJuW,caution and advice,"TORNADO WARNING
TORNADO WARNING
TORNADO WARNING
TORNADO WARNING
TORNADO WARNING FOR SOUTH CENTRAL
TORNADO WARNING"
424,Quick Prayer Tornado Watches today!! ESP Indiana ... It's getting  closer n closer,caution and advice,"Tornado Watches
Tornado Watches
Tornado Watches"
425,Tornado warning an hour ago and now I'm laying out in the sun #ilovemissouriweather,caution and advice,"Tornado warning
Tornado warning
Tornado warning"
426, @BreakingNews: Tornado watch issued for New York City surrounding counties - NBC NY http://bit.ly/iE1u3J,caution and advice,"Tornado watch
Tornado watch
tornado watch
Tornado watch"
427,Tornado Watch Likely Extended: A NEW TORNADO WATCH WILL BE ISSUED SOON FOR MUCH OF CNTRL INDIANA. SURFACE MAP SH... http://bit.ly/l2CfzP,caution and advice,"TORNADO WATCH WILL BE ISSUED
Tornado Watch
Tornado Watch"
428,/ @twister_tracker: TORNADO @WARNING: #Benton; Lafa... (#Mississippi)  Expires: 05/25/2011 10:15PM (CDT) http://bit.ly/leZsP6 #tornado #mswx,caution and advice,"TORNADO
TORNADO WARNING:
TORNADO WARNING"
429, @max247:  @livewxradar: *** TORNADO WATCH *** until 8PM EDT for New York and Vermont for TORNADOES 2: Hail 70mph WInds.... http:/ ...,caution and advice,"tornado watch
TORNADO WATCH
TORNADO WATCH"
430, @OKWXTracker: TORNADO WARNING FOR FOR CUSTER & ROGER MILLS COUNTIES IN OKLAHOMA UNTIL 08:45 PM. http://tinyurl.com/23uk4o5 #okwx #fb,caution and advice,"TORNADO WARNING
TORNADO WARNING
TORNADO WARNING"
431,Svr T-Storm Warning SE Otero & NE Hudpset CO's TX till 6:45 PM. 60+ mph wind gusts psbl. http://1.usa.gov/mlVrM7 #nmwx #txwx #nmem,caution and advice,"Svr T-Storm Warning 60+ mph wind gusts psbl.
Svr T-Storm Warning
Svr T-Storm Warning"
432, @KristinHanes: Not again. Ugh. @USABreakingNews JUST IN- National Weather Service issues tornado warning for Joplin Missouri.,caution and advice,"tornado warning
tornado warning
tornado warning"
433, @mgmcampbell: Did your home sustain tornado dmg?  617-521-7777 Insurance experts on standby. Be warned wait is long #matornado #westernma,caution and advice,"tornado dmg
sustain tornado dmg
tornado dmg"
434, @JayPraterCBM Tornado Warning until 08:15 PM CDT issued for Texas-OKhttp://bit.ly/7B93xm,caution and advice,"Tornado Warning
Tornado Warning
Tornado Warning
Tornado Warning
Tornado Warning"
435, @HarderRambles:  @cnnbrk Weather spotters report #tornado moving toward #Joplin Missouri at 45 mph http://on.cnn.com/k1ZN2b,caution and advice,"tornado
tornado moving
#tornado
Weather spotters report #tornado
tornado moving"
436, @ce_pro: Vivint Delivers Tornado Alerts to Customers http://goo.gl/fb/S6OnV #avtweeps #avnews,caution and advice,"Tornado Alerts
Tornado Alerts
Delivers Tornado Alerts
Tornado Alerts"
437, @TWCBreaking: #Tornado reported 4 miles east of Heyworth IL (south of Bloomington) moving northeast. Radar: http://wxch.nl/mrOVSN,caution and advice,"Tornado reported
Tornado reported
Tornado reported"
438,Tornado Watch exp. 10PM in #mswx ALCORN BENTON COAHOMA DESOTO LAFAYETTE MARSHALL PANOLA PRENTISS QUITMAN TATE TIPPAH TISHOMINGO TUNICA UNION,caution and advice,"Tornado Watch
Tornado Watch
Tornado Watch"
