'1',Yesterday was supposed to be 70 and sunny/cold and rain. Today was supposed to be 90 and sunny guess what? Tornado warning #FUCKTOLEDOOHIO,A tornado/thunderstorm warning has been issued or has been lifted
'2', @Juss2Live: News was goin crazy about tornado  warnings n it didn even rain ! -__- - shit was wild over in CT . 4 ppl died,A tornado/thunderstorm warning has been issued or has been lifted
'3', @spann: Everybody on the campus of the University of Oklahoma should be in a tornado safe place now. #okwx,A shelter is open or available
'4',Almyra Arkansas tornado about to hit the ground,A tornado sighting/touchdown has been reported
'5',I hear the tornado sires going off now.  Buildings in downtown Kansas City being evacuated now! Tornado Warning.,A tornado/thunderstorm warning has been issued or has been lifted
'6',Tornado watch canceled for Douglas County Coles County & Moultrie County,A tornado/thunderstorm warning has been issued or has been lifted
'7',In the U.S. they have tornado watch.. In Saint John we have severe thunderstorm watch.. #Seriously? What's the point of thunderstorm watch?,A tornado/thunderstorm warning has been issued or has been lifted
'8',At mssu for memorial service. #Joplin #superwindy,Other
'9',Thank god possible tornado moved away from this area. Praying this tornado doesn't really cause destruction!,Other
'10',Tornado headed toward us.... we're closing down for a while ...,A tornado sighting/touchdown has been reported
'11',It's A Tornado Out Here Lol Trees Falling Down And Shxt!!! I Gotta Get Out The Country...This Typa Shxt Don't Happen In New York Lol,A tornado sighting/touchdown has been reported
'12',Tornado watch and already thunder lightening and a splitting headache. What fun lies ahead (upstate NY)? #tornado,Other
'13', @rachelcaine: Tornado on the ground less than 5 miles away guys. On the ground in Bedford. SEEK SHELTER IMMEDIATELY.,A tornado sighting/touchdown has been reported
'14',Wow. Tornado reported over in Bellingham and Milford (two towns I drive through to go home from work) thankfully it didn't touchdown.,A tornado sighting/touchdown has been reported
'15', @CajunTechie: #Joplin #Missouri #tornado has been cancelled. More severe weather expected in the area tonight. Potentially severe. St ...,A tornado/thunderstorm warning has been issued or has been lifted
'16',Possible #tornado on the ground near Ohio City #Ohio. Cell has very strong low level rotation! ** SEEK SHELTER ** #OHWX Follow 4 updates.,A tornado sighting/touchdown has been reported
'17',Tornado warning. #FML,A tornado/thunderstorm warning has been issued or has been lifted
'18',@BeccasOnTweeter Girl you are tornado watching too much! If you need to get to safety OK!!,Other
'19',bitch it's a tornado.. ain't shit to be scared of! you betta get your bitch ass in the position they taught you in elementary!,Other
'20',Tornado forming over river awesome.  http://bit.ly/kUDYU2,A tornado/thunderstorm warning has been issued or has been lifted
'21',I'm pretty sure that's the tornado siren.,A siren has been heard
'22'," @andybaldwin: Confirmed tornado on the ground in Dallas near Love Field. ""Softball-sized hail."" via @baxterholmes",A tornado sighting/touchdown has been reported
'23',That Tornado Warning Shit just came on my Tv..,A tornado/thunderstorm warning has been issued or has been lifted
'24',@Lil_Wyte_ Man I swear #MotherNature has been pissed of in 2011. We got tornado warnings all over the Mtown&lt;&lt;she needs to get laid. haha,A tornado/thunderstorm warning has been issued or has been lifted
'25',Murfreesboro PD confirming a tornado touchdown in Rutherford county. The storm is really cranking up here in the Lascassas Pike area....,A tornado sighting/touchdown has been reported
'26',Tornado alarms blasting in the city and all I'm thinking is Yippeee! I still have internet connection,Other
'27',Take cover Dallas!  @JimCantore DAMAGE IN DALLAS COUNTY NEAR EAGLE FORD TX REPOS OF LARGE #TORNADO ON GROUND #txwx,A tornado sighting/touchdown has been reported
'28',Tornado on ground in Southern Dallas County.,A tornado sighting/touchdown has been reported
'29',Emergency crews flying down highway toward Springfield at an alarming rate. Wish I stayed for the second #tornado.,Other
'30',Lol so there is a tornado warning outside n im at work -_-,A tornado/thunderstorm warning has been issued or has been lifted
'31',Tornado heading up Nall into Leawood. This is far too close for comfort. YIKES! I'm seriously scared! #kcstorms #tornado #FB #praying,A tornado sighting/touchdown has been reported
'32',It was a tornado in GB but it's gone now  @TheeSBM: @Lil_Woadie wht tornado,Other
'33',"Tornado watch upgraded to warning in ctrl Oxfd Cty. Wther svc: ""Severe thunderstorm capable of producing a tornado 11 miles west of Bethel""",A tornado/thunderstorm warning has been issued or has been lifted
'34',Is that the ice cream truck? No wait shit thats a tornado warning siren,A siren has been heard
'35',There's a tornado warning around my area. :$,A tornado/thunderstorm warning has been issued or has been lifted
'36', @wharman: Jeez Kansas City. You didn't have to organize such a dramatic welcome. #tornado Warning is lifted. We're going to have lun ...,A tornado/thunderstorm warning has been issued or has been lifted
'37',Tornado warning?,Other
'38',If ing #tornado warnings note the time of the original tweet or information. Don't tweet old information--not helpful.,Other
'39',@BurnhamSWAT wow!! i was just in a tornado warning but it wasn't that bad! i hope it blows over fast!,A tornado/thunderstorm warning has been issued or has been lifted
'40',@CarolineManzo yes they are it looks like a tornado is coming,Other
'41',am i the only one who's been in a soccer game when the tornado sirens go off?? OUTTA TOWN!...n a tornado actually hit it was SCARY!,A siren has been heard
'42',Damn tornado warning don't mean shit 2 me. Motherfucka I have survived Katrina's bitch ass 2 tornados & a blizzard. Just another day 2 me,Other
'43',Tornado warning..ok im goin to take my bike nd go get something to eat,A tornado/thunderstorm warning has been issued or has been lifted
'44',Just drove right under a tornado forming.....holy shit....are we home yet???????,A tornado sighting/touchdown has been reported
'45',@BorisVincze Yep same for us our tornado chances went down still sitting here ready to drive to safety though.,A tornado/thunderstorm warning has been issued or has been lifted
'46',Looks like another tornado. Yep got all my books in the basement.,A tornado sighting/touchdown has been reported
'47',tornado warning issed for st. joseph county. sky is almost black.,A tornado/thunderstorm warning has been issued or has been lifted
'48',@jbluther ... and now we're under a tornado watch for the same storm system that hit OK.,Other
'49', @JimmyMcIver:  @victoria_29: #Debris falling on #I 40 #Tornado has lifted a mile & 1/2 west of Casino/seems headed toward Tulsa h ...,Other
'50',Wow this tornado was WAY closer than Joplin :(,Other
'51',tornado warning and the mall on lockdown. oh shit. meridian goin nuts.,A tornado/thunderstorm warning has been issued or has been lifted
'52', @whoaitsmonica: Sirens started going off. Tornado has officially touched down in my hometown super worried about my family right. #p ...,A siren has been heard
'53',TAKE COVER!!! #TORNADO!!,Other
'54',Please be praying for everybody here in Joplin! Tornado sirens once again. :(,A siren has been heard
'55',Tornado headed right for the sprint headquarters...dad if you see this I'm in Hannah's basement! #scared,A tornado sighting/touchdown has been reported
'56',Major tornado outbreak overnight. People need help and I'm feeling helpless.,Other
'57',there is tornado warnings so we might have to go to the celler,A tornado/thunderstorm warning has been issued or has been lifted
'58',Were under a tornado warning and the sirens are going off like crazy ... I did sign up for this.,A tornado/thunderstorm warning has been issued or has been lifted
'59',Winds are gusting tonight.  I'm in an area that DOES NOT get tornado's but we now have a tornado watch !!!  crazy......,A tornado/thunderstorm warning has been issued or has been lifted
'60', @KellyKCTV5: cass johnson jackson layfatte county under tornado warnings rt now,A tornado/thunderstorm warning has been issued or has been lifted
'61',The weather be scaring people the only thing we gonna get is alot of rain... No tornado.,A tornado/thunderstorm warning has been issued or has been lifted
'62', @cindyrobuck:  @stormchaser4850: Developing: NWS meteorologists were tracking a tornado on the ground near Ramona SD moving NE at ...,A tornado sighting/touchdown has been reported
'63',Taking cover. Sirens going off. #tornado heading north along hwy 69 :/,A siren has been heard
'64',Holy hell...a tornado warning for east of Grand Rapids MI!!!,A tornado/thunderstorm warning has been issued or has been lifted
'65',Just remember if you are outside in a tornado you are screwed.  Indoors think about bathtub/mattress combo.,Other
'66',#tornado watch; needless to say im freaking out. and the most important part of my survival kit is missing &lt;/3,A tornado/thunderstorm warning has been issued or has been lifted
'67',@imleftbehind I checked & sirens prob shouldn't have gone off in Crete b/c it was not in the tornado warning. better safe than sorry  ty!,Other
'68',Everybody go in y'all basements tornado coming lol..,Other
'69', @Hazewalker:  @david0monroe: Tornado sirens going off now in Cumberland #inwx  I Just Tweeted that!,A siren has been heard
'70',the air smells of Tornado,Other
'71',Tornado Watch now for entire metro area.  Just issued.,A tornado/thunderstorm warning has been issued or has been lifted
'72',Tornado sirens blaring in Brookside but hail ended for now.,A siren has been heard
'73',Raining tornado warning hope everyone is ok,A tornado/thunderstorm warning has been issued or has been lifted
'74',I just heard the tornado sirens and at first was like 'Dammit!!!' then remembered it's the first Wed of the month.,A siren has been heard
'75',That was some apocalyptic weather that just hit.  I thought that was an impromptu tornado,Other
'76', @WSILNews: JEFFERSON GALLATIN POPE SALINE WILLIAMSON JACKSON PERRY IL ALL UNDER TORNADO WARNINGS. NOW IS THE TIME TO SEEK SHELTER.,A tornado/thunderstorm warning has been issued or has been lifted
'77', @JimFreund: Apparently we have no exclusivity.  The tornado watch is for all SE NY.  http://1.usa.gov/mSPGdf,Other
'78',The #PDS #Tornado watch for parts of KY runs until 9pm CDT. Includes Bowling Green Louisville Paducah Ft. Campbell Franklin. #KYwx,Other
'79',praying for all the people who are under the tornado warnings right now! please be safe:) and keep your head held up high you'll make it .,A tornado/thunderstorm warning has been issued or has been lifted
'80',Tornado hunters are on their way  @TorontoStar: Severe storms hit #hamont area - may have spawned a tornado http://bit.ly/kfL1Mc,Other
'81',Tornado Warning until 9:00 p.m. for DeSoto Marshall and Tate counties in Mississippi.,A tornado/thunderstorm warning has been issued or has been lifted
'82',.@DLoesch @m_mccoy @colestreeper1 @Lindatini @aRuffLife - leave sap at Flying J alone and come join #WBC #joplin picket :),Other
'83', @Lady_Patriot: I think we're clear of the tornado now which means I can get on the *electric* bus now. #notthesafestplaceinastorm,Other
'84',Tornado Watch Ì¢‰âÂ‰ÛÏ Expiration http://nblo.gs/iBYgB,A tornado/thunderstorm warning has been issued or has been lifted
'85',Tornado Warning for Butler and Preble Counties until 6:45 PM.,A tornado/thunderstorm warning has been issued or has been lifted
'86', @14FirstAlert: TORNADO WARNING issued for parts of DAVIESS county in KY until 09:45 PM CT - http://wx4.me/N9.TW1026 #tristatewx,Other
'87', @TWCBreaking: #Tornado reported in the Kansas City metro!  TAKE COVER in Overland Park Leawood Lenexa!  Alert:  http://wxch.nl/jsmObR,A tornado sighting/touchdown has been reported
'88', @txstormchasers: PDS (Particularly Dangerous Situation) #Tornado Watch for much of NW/N TX and OK. #txwx #okwx #severe,Other
'89', @reedtimmerTVN: Thursday system would likely be a significant tornado outbreak in Canadian Prairies if a month later with moisture.   ...,Other
'90',"@7News: New tornado warning for storm in Springfield/Chicopee. Heading east at 35mph. Warning into SW Worcester County again ti.	Thu Jun 02 01:25:50 AST 2011	&lt;a href=http://twitter.com/download/android"" rel=""nofollow""&gt;Twitter for Android&lt;/a&gt;",A tornado/thunderstorm warning has been issued or has been lifted
'91', @weatherchannel:  @JustinNOAA: BREAKING #NOAA has upgraded Joplin #tornado from EF-4 to EF-5; winds greater than 200 mph,A tornado sighting/touchdown has been reported
'92'," @Rachel__Nichols: Another tornado in OK; this one a half-mile wide. More coming. Text ""REDCROSS"" to 90999 to ... http://tmi.me/aBEOn",A tornado sighting/touchdown has been reported
'93',A tornado warning for Oakland County. #backchannel,A tornado/thunderstorm warning has been issued or has been lifted
'94',A SEVERE THUNDERSTORM WARNING HAS BEEN ISSUED FOR BEAVER COUNTY IN THE OKLAHOMA PANHANDLE UNTIL 11:00 PM SATURDAY. #okwx #fb,A tornado/thunderstorm warning has been issued or has been lifted
'95', @1079KFIN: Jonesboro Westside Middle school tornado shelter will be open to the public.@region8news #ARWX @Tori_Lennox,A shelter is open or available
'96', @MoeWx: New Meso... Tornado WATCH is likely just west of the Tri-State ... #ILwx #KYwx #tristatewx,A tornado/thunderstorm warning has been issued or has been lifted
'97', @4029news: Denning has taken a direct hit from this large dangerous tornado which is headed toward I-40 between HWY 23 and Clarksville.,A tornado sighting/touchdown has been reported
'98', @tjholmes: Weather spotters confirm a tornado is on the ground moving toward Joplin.,A tornado sighting/touchdown has been reported
'99',@CeeAngi Heard these was a tornado in the Chicago area FWIW.,Other
'100', @daynavettese: Tornado warning ended for Hamilton. Still severe thunderstorm warnings.,A tornado/thunderstorm warning has been issued or has been lifted
'101',@Teaschell oh that could be it. But be careful they just issued a tornado warning for all southeastern mi..........,A tornado/thunderstorm warning has been issued or has been lifted
'102',Looks like new #tornado #warning for #Springfield MA area!crazyness ... coverage: Springfield: WWLP.com WGGB.com Boston: WBZtv.com WHDH.com,A tornado/thunderstorm warning has been issued or has been lifted
'103', @EvansvilleWatch:  @tristatealerts: TORNADO WARNING issued for parts of GALLATIN; WHITE; POSEY; HENDERSON; UNION county in IL/IN/KY ...,A tornado/thunderstorm warning has been issued or has been lifted
'104',Horrible.  @cnnbrk: More severe weather moving into tornado-hit #Joplin Missouri area. http://on.cnn.com/kiObzM,A tornado/thunderstorm warning has been issued or has been lifted
'105', @AnneMarieWTHR: Storm spotters reporting tornado on the ground northeast of Bedford right now,A tornado sighting/touchdown has been reported
'106', @fishfire: FEMA  now enroute to #JOPLIN with IMAT team with full support team at the ready.  #JOPLIN,Other
'107', @HumanityRoad: After a #tornado Limit travel sightseeing can impede emergency response #tornado #springfield #MA #WX Stay home stay ...,Other
'108',Tornado warning! AHHH,A tornado/thunderstorm warning has been issued or has been lifted
'109', @PaulPoteet: Another TORNADO report ...now just west of Seymour and north of US 50.,A tornado sighting/touchdown has been reported
'110',@SnakeBytesTV Look out for Tornado's,Other
'111',Ahhhhhh! We have a tornado watch!!!,A tornado/thunderstorm warning has been issued or has been lifted
'112',Tornado Watch Wednesday: Report In Liveblog #4 http://t.co/IWFm2j0,Other
'113',Tornado warning for Midland and southern Midland county #michigan,A tornado/thunderstorm warning has been issued or has been lifted
'114',tornado watch for central mississippi including starkville till 4AM..expect the strongest storms between 1 and 3AM.,A tornado/thunderstorm warning has been issued or has been lifted
'115', @TWCBreaking: TAKE COVER near Beaman MO and eastern Pettis County.  #Tornado likely doing damage.   http://wxch.nl/kK7jEz,A tornado sighting/touchdown has been reported
'116',Tornado Warning for Oakland County in MI until 6:45pm EDT.,A tornado/thunderstorm warning has been issued or has been lifted
'117', @TWCBreaking: Brief #tornado reported near Rose NE.  The supercell they're tracking:  http://wxch.nl/lvqVxr  #newx,A tornado sighting/touchdown has been reported
'118',Tornado Warning for Elkhart Kosciusko Lagrange Marshall Noble and St. Joseph County in IN until 4:15pm EDT. #inwx,A tornado/thunderstorm warning has been issued or has been lifted
'119', @cnnbrk: Weather spotters report #tornado moving toward Joplin Missouri at 45 mph http://on.cnn.com/k1ZN2b,A tornado sighting/touchdown has been reported
'120', @BreakingNews: Fans at Rangers game in Arlington Texas are sheltering in place after tornado warning - @CardsFaninBigD http://bit.l ...,A tornado/thunderstorm warning has been issued or has been lifted
'121',Tornado Terjang Massachusetts: 02/06/2011 14:15 (Amerika Serikat) ,A tornado sighting/touchdown has been reported
'122',From #Joplin site: Police &fire officials strongly encourage anyone who does not live in the affected area to stay clear of damage site.,Other
'123',SPC Tornado Watch 411 Status Reports http://dlvr.it/TmnlQ,A tornado/thunderstorm warning has been issued or has been lifted
'124',Another possible Tornado near Amherst,Other
'125',Storms rolling in... The classic combo of thunderstorm warning + tornado watch = sirens... HA HA insomnia storms always defeat you! Zzzzz..,A tornado/thunderstorm warning has been issued or has been lifted
'126', @slashdot: Tornado Risk Seen For Social Security Data Center http://bit.ly/morhoY,Other
'127', @CNN: Just In:  A tornado was spotted near midtown Memphis Tennessee according to the National Weather Service.,A tornado sighting/touchdown has been reported
'128', @newsday: A tornado watch is in effect for Nassau County and all of New York City until 8 p.m. today http://bit.ly/kKCcrC,Other
'129', @TWCBreaking: #Tornado near Brimfield MA moving E.  Will pass very close AGAIN to Sturbridge MA.  TAKE COVER!  Alert:  http://wxch. ...,A tornado sighting/touchdown has been reported
'130',Tornado Warning :(,A tornado/thunderstorm warning has been issued or has been lifted
'131', @cnnbrk #Tornado warning for Shelby and parts of Crittenden counties Tenn. including Memphis http://on.cnn.com/kslZp0,A tornado/thunderstorm warning has been issued or has been lifted
'132', @indystar: National Weather Service issues tornado watch for central Indiana until 7 p.m.,Other
'133', @NBCConnecticut:  @DarrenSweeney: The Storm Prediction Center has extended the Tornado watch for Hartford Tolland and Windham Coun ...,Other
'134', @TWCBreaking: LARGE multivortex #tornado now near Binger OK or 6 miles south of Hinton.  TAKE COVER NOW below ground!  http://wxch. ...,A tornado sighting/touchdown has been reported
'135',NWS dopplar radar indicated a severe storm producing a tornado near Clarksdale Mississippi moving NE at 45 mph (748 pm CDT),Other
'136', @KATVNews: Tornado warning for Jefferson County White Hall Pine Bluff take cover now. /via @KATVBarry,A tornado/thunderstorm warning has been issued or has been lifted
'137', @RobinMeade:  @cnnbrk: NWS issues #tornado emergency for Newcastle Norman and Moore Oklahoma http://on.cnn.com/k1ZN2b,A tornado/thunderstorm warning has been issued or has been lifted
'138',So the tornado siren just went off :(:(,A siren has been heard
'139',tornado watch extends from,A tornado/thunderstorm warning has been issued or has been lifted
'140', @DaveSnider: New event. Tornado Warning from 5/24/2011 10:34 PM to 11:00 PM CDT for Barton County Dade Coun... Read more at http://b ...,A tornado/thunderstorm warning has been issued or has been lifted
'141',Another tornado headed towards Joplin MO. Damn #PrayForJoplin,Other
'142', @danibeej: The whole state of new jersey is under a tornado watch.. Oh.,A tornado/thunderstorm warning has been issued or has been lifted
'143', @LiberalJaxx:  @trkrsvoice: #Truckers have blocked #Westboro in at the Flying J in #Joplin! If you're near stand with them! #tcot  ...,Other
'144',TORNADO WATCH UNTIL 9 PM IN NE OHIO STRONG TO SVR STORMS WITH A HISTORY OF PRODUCING LG HAIL & ROTATION WILL AFFECT NE OH AND NW PA AT 9 PM,A tornado/thunderstorm warning has been issued or has been lifted
'145', @Rich_WGEM: Tornado on the ground near Harrisonville MO. Another in KS along I-35 near Mile marker 224.,A tornado sighting/touchdown has been reported
'146',Tornado Warning for Ouachita and Union Parish in LA until 9:15pm CDT. #lawx,A tornado/thunderstorm warning has been issued or has been lifted
'147',Tornado warning alert but no tornado http://t.co/r4y0FnJ,A tornado/thunderstorm warning has been issued or has been lifted
'148',A SEVERE THUNDERSTORM WARNING REMAINS IN EFFECT UNTIL 315 AM CDT FOR CENTRAL COMANCHE COUNTY http://tinyurl.com/23uk4o5 #okwx,A tornado/thunderstorm warning has been issued or has been lifted
'149',#Tornado watch till 9 pm CDT Saint Louis city county Jefferson St Charles Franklin Lincoln Pike Warren & Montgomery counties #MO #STL,A tornado/thunderstorm warning has been issued or has been lifted
'150', @breakingweather: #Tornado on the ground south of Palmer #Mass. & continue moving eastward toward Fiskdale in western Worcester Co.  ...,A tornado sighting/touchdown has been reported
'151', @weatherchannel: NOAA's Storm Prediction Center:  HIGH risk for severe today.  Dr. Forbes agrees.  Ingredients for #tornado outbreak: ...,A tornado/thunderstorm warning has been issued or has been lifted
'152',Tornado warning,A tornado/thunderstorm warning has been issued or has been lifted
'153',@2Gs_ Tornado Coming be careful,A tornado sighting/touchdown has been reported
'154', @twister_tracker: TORNADO WARNING: Love (Oklahoma)  Expires: 05/24/2011 06:45PM (CDT) http://bit.ly/mLnSwe #tornado #okwx #okstorms,A tornado/thunderstorm warning has been issued or has been lifted
'155',Jackson Johnson Cass Counties Under Tornado Warnings  http://sns.mx/C8d6y7,A tornado/thunderstorm warning has been issued or has been lifted
'156',a #tornado hit #japan??,Other
'157', @severewarn: Severe Thunderstorm Warning for Alfalfa and Grant County in OK until 9:00pm CDT. #okwx,A tornado/thunderstorm warning has been issued or has been lifted
'158', @CBCNews: Possible tornado strikes near Hamilton overnight http://bit.ly/lWg59P,A tornado sighting/touchdown has been reported
'159',TORNADO WARNING [ Fillmore NE ][ Nuckolls NE ][ Thayer NE ] Expires: Tue May 31 00:00 EDT #SVRAlert,A tornado/thunderstorm warning has been issued or has been lifted
'160',TORNADO WARNING in effect for Oakland County till 6:45 p.m. http://bit.ly/j19TMy,A tornado/thunderstorm warning has been issued or has been lifted
'161',confirmed by @ceitfianna @iamnotree & @mulka: TORNADO WARNING IN ANN ARBOR. Batten down the whatevers.,A tornado/thunderstorm warning has been issued or has been lifted
'162', @CNN: Just In:  Tornado warning canceled for Joplin Missouri,A tornado/thunderstorm warning has been issued or has been lifted
'163',Tornado warning Union County in #NEGA #GAWX,A tornado/thunderstorm warning has been issued or has been lifted
'164',Tornado warning with rotation by Forney #onthelookout,A tornado/thunderstorm warning has been issued or has been lifted
'165',Tornado warning Sacramento county pls take shelter!,A tornado/thunderstorm warning has been issued or has been lifted
'166',Tornado Watch issued May 29 at 3:55PM EDT expiring May 29 at 8:00PM EDT by NWS NorthernIndiana... http://dlvr.it/TQDxm,A tornado/thunderstorm warning has been issued or has been lifted
'167',@ktkather well there will not be a tornado tonight.  I would suggest finding some place in the area.  Do you live in a complex or is it sml,Other
'168',@PRIDE2GrowMore I've never seen anything like this before. I'll be shocked if there were no tornado touch downs north of #Guelph.,Other
'169', @BreakingNews: DFW airport (@dfwairport) has sheltered passengers in the terminal after tornado warning - CBS DFW live stream http:// ...,A shelter is open or available
'170',Report of tornado spotted just north of Cerro Gordo. @Matt_Brickman  will be breaking in momentarily with the most up to date information.,A tornado sighting/touchdown has been reported
'171', @Boston_Police: National Weather Service has issued Tornado Watch in effect until 8:00PM for several MA counties including Suffolk C ...,Other
'172',@EmmettLuvr1935 Florence has a tornado watch until 9,A tornado/thunderstorm warning has been issued or has been lifted
'173',funny how everyone in this second-floor newsroom ignores the blaring tornado sirens outside.,A siren has been heard
'174',Tornado Warning for Barry and Calhoun County in MI until 5:00pm EDT. #miwx,A tornado/thunderstorm warning has been issued or has been lifted
'175',Wtf? Come on now. @TWCBreaking: Tornado warning for #Joplin Mo.!! Radar and warning info: http://wxch.nl/mGgs3M,A tornado/thunderstorm warning has been issued or has been lifted
'176', @CNN: Just In: Tornado spotted in Bedford Texas between Fort Worth and Dallas according to the National Weather Service.,A tornado sighting/touchdown has been reported
'177', @breakingweather: Reports of a possible #tornado and numerous trees down 2-miles north of Springboro Pennsylvania at 4:55 p.m. EDT.,A tornado sighting/touchdown has been reported
'178',Stewart County hit by tornado weather service reports http://twurl.nl/dphwl6 http://twurl.nl/jjaa,A tornado sighting/touchdown has been reported
'179', @OKWXTracker: A SEVERE THUNDERSTORM WATCH IS IN EFFECT UNTIL 11:00 PM SATURDAY FOR PAS OF OKLAHOMA http://tinyurl.com/23uk4o5 #okw ...,A tornado/thunderstorm warning has been issued or has been lifted
'180',National Weather Service issues TORNADO WARNING for Texas County OK and Beaver County OK until 7:30pm.,A tornado/thunderstorm warning has been issued or has been lifted
'181',http://twitpic.com/52e998  possible tornado forming by work heading towards @tjmlnarik .  Duck and cover.,Other
'182',Tornado watch extended until 11pm hope everyone is home or in a safe spot.,Other
'183', @cnnbrk: Rangers Ballpark in Arlington TX evacuated mid-game amid #tornado warning http://on.cnn.com/k1ZN2b,A tornado/thunderstorm warning has been issued or has been lifted
'184',TORNADO WARNING: Kalamazoo (Michigan)  Expires: 05/29/2011 03:45PM (CDT) http://bit.ly/mU0aeM #tornado #miwx,A tornado/thunderstorm warning has been issued or has been lifted
'185',Chance of a tornado: 52% -_____-,Other
'186',Possible tornado on the ground 1 mile north of Vicksburg...no visual.  NWS radar returns showing visual.,A tornado sighting/touchdown has been reported
'187',Tornado watch for Monroe county michigan until 8 pm tonight.,A tornado/thunderstorm warning has been issued or has been lifted
'188',#United States #Pennsylvania #WeatherlyWeather service confirms tornado touched down in Embden Maine - Bangor Daily News,A tornado sighting/touchdown has been reported
'189', @weatherchannel: 3 OK tornadoes have been upgraded to EF4:  1) El Reno/Piedmont....2) Chickasha to Newcastle/Moore....3) Washington/G ...,A tornado sighting/touchdown has been reported
'190',#Tornado watch=a tornado is possible in the area. Tornado warning=one has been sighted or indicated take shelter. @fema #kswx #ksstorms,A tornado sighting/touchdown has been reported
'191',TORNADO WARNING: Beaver (Oklahoma)  Expires: 06/11/2011 08:30PM (CDT) http://bit.ly/m0R1db #tornado #okwx #okstorms,A tornado/thunderstorm warning has been issued or has been lifted
'192'," @livewxradar: *** TORNADO WATCH *** until 2AM CDT for IA MN SD ND for LARGE TORNADOES 2.5"" HAIL and 80MPH winds",A tornado/thunderstorm warning has been issued or has been lifted
'193',Tornado watch Sunday afternoon and evening http://exm.nr/makBhi,A tornado/thunderstorm warning has been issued or has been lifted
'194',Special Weather Statement issued June 05 at 2:45PM CDT expiring June 05 at 3:45PM CDT by NWS Shreveport ht... http://bit.ly/lQesrZ #OKwx,Other
'195', @severestudios: NOW IN EFFECT:  Tornado Watch for portions of the area in IN OH MI until 8:00pm EDT / 7:00pm CDT. http://1.usa.gov/ ...,A tornado/thunderstorm warning has been issued or has been lifted
'196',ok we are under an official tornado watch until later this morning please keep us in your thoughts and prayers just came over scanner,Other
'197',SCARY! @twilightus @AngWxGrl Terrifying!!!  @AngWxGrl #Joplin MO: Before & After: http://tinyurl.com/4x8rsmt #tornado,Other
'198',What? There was a tornado in Northern Ireland today? What? #endofdays,A tornado sighting/touchdown has been reported
'199',How to Design a Tornado Safe Room http://ow.ly/56VpL #HomeDesign #Architecture,Other
'200',Tornado warning for southern Sedgwick County and southwest Butler County until 8:30 p.m. Storm capable of tornado near Goddard. #ksstorms,A tornado/thunderstorm warning has been issued or has been lifted
'201',Tornado in Springfield MA. This is crazy. I hope friends in Boston are safe! http://huff.to/mFBizj,A tornado sighting/touchdown has been reported
'202',US day 1 #severe #weather outlook updated #WIND: 30% #HAIL: 30% #TORNADO: 5%  http://goo.gl/IzrNI http://wickedwx.com/2011/06/08/ #wx 55925,A tornado/thunderstorm warning has been issued or has been lifted
'203', @MyTexasWeather:  @SgtAndyNorris  @TWCBreaking: Tornado with debris reported in southeast Dallas per NWS Chat. Large wedge near I ...,A tornado sighting/touchdown has been reported
'204', @aegirl_2012: Tornado in Bloomington... http://bit.ly/lXWKcW,A tornado sighting/touchdown has been reported
'205',Tornado Warning for Beaver County in OK until 8:30pm CDT,A tornado/thunderstorm warning has been issued or has been lifted
'206', @BreakingNews: Spotters confirm a tornado on the ground moving toward Joplin Mo. where a twister on Sunday killed 124 people - CNN,A tornado sighting/touchdown has been reported
'207', @TWCBreaking: Tornado reported on the observation at Dallas' Love Field. #txwx,A tornado sighting/touchdown has been reported
'208', @KAKEnews: If you are in the city of Wichita you should be in your tornado shelters. #ksstorms,Other
'209',Pawnee county in Ok too!  @severestudios: Tornado Warning for Pawnee County in KS until 7:15pm CDT. #kswx,A tornado/thunderstorm warning has been issued or has been lifted
'210',Tractors?  @ScottLauber Tornado warning in Detroit. Combo of 10 tractors golf course lawn equipment on tarp. Not a good sign. #RedSox,A tornado/thunderstorm warning has been issued or has been lifted
'211', @TBBrannon: High Risk of Severe Weather today for Northeast and Northcentral Arkansas. A Tornado Watch for Northern 2 rows of countie ...,A tornado/thunderstorm warning has been issued or has been lifted
'212', @tjholmes: Weather spotters confirm a tornado is on the ground moving toward Joplin.,A tornado sighting/touchdown has been reported
'213', @GMA: 18 tornado reports yesterday including 7 in Massachusetts 4 in California and the rest in Nebraska and Kansas (via NWS),A tornado sighting/touchdown has been reported
'214', @Kentuckyweather: Tornado Watch for northern Ky until 9pm EDT,A tornado/thunderstorm warning has been issued or has been lifted
'215',Tornado sirens going off in Marion County (Indianapolis) as severe thunderstorm warning gets issued during a tornado watch.,A siren has been heard
'216',Waiting out the Tornado warning at OPCC.  Glad everyone is safe! http://fb.me/RF5uGhGg,A tornado/thunderstorm warning has been issued or has been lifted
'217', @TWCBreaking: #Tornado EMERGENCY coming from NWS for NW side of Norman Moore and south side of OKC.  TAKE SHELTER NOW.,A tornado sighting/touchdown has been reported
'218', @Newsweek: A tornado warning in #NYC. A funnel in #Springfield MA. Is this the new normal?! Our cover story this week: http://bit.ly ...,A tornado/thunderstorm warning has been issued or has been lifted
'219',A tornado is coming near Memphis...probably won't hit.,A tornado sighting/touchdown has been reported
'220',@BBCBreaking Tornado near Tuckerman Ar. reported to be 1/2 mile wide - @KATVNews,A tornado sighting/touchdown has been reported
'221',FWD: severestudios: Tornado Warning for Maries Phelps and Pulaski County in MO until 2:15pm CDT. #mowx,A tornado/thunderstorm warning has been issued or has been lifted
'222',New tornado warning in Joplin again. :(,A tornado/thunderstorm warning has been issued or has been lifted
'223',#moore no #Tornado on ground it is thinning out debris falling from sky as slows down,A tornado sighting/touchdown has been reported
'224', @JimCantore: TWO HOOKS ONE NEAR DALLAS AND ONE NEAR ONE WEST OF ARLINGTON TX #TXWX #TORNADO,A tornado sighting/touchdown has been reported
'225',tornado watch central minnesota,Other
'226', @KTIVweather: Tornado Warning for Holt County in NE until 5:45pm. http://bit.ly/i5ZgcK,A tornado/thunderstorm warning has been issued or has been lifted
'227', @BreakingNews: Fans at Rangers game in Arlington Texas are sheltering in place after tornado warning - @CardsFaninBigD http://bit.l ...,A tornado/thunderstorm warning has been issued or has been lifted
'228', @iembot_iwx: #IWX expires Tornado Warning for  Fulton Williams [OH] till 5:30 PM EDT http://bit.ly/iVAbGg,A tornado/thunderstorm warning has been issued or has been lifted
'229', @txstormchasers: Destructive hail and possible #tornado moving into Dallas County. This is a violent storm! #txwx,A tornado sighting/touchdown has been reported
'230',Tornado sirens just went off at 17th and Broadway.,A siren has been heard
'231',@noahovernight last fri we went 5:50 to 7 w straight weather bc of a tornado warn in 2 cnties. Lots of people got p'od. But all takes is 1.,A tornado/thunderstorm warning has been issued or has been lifted
'232',Greenville Mo nickel hail and debris falling from the sky.  tornado 10 miles SW of the city moving towards greenville. #nwspah #mowx,A tornado sighting/touchdown has been reported
'233',2nd day in a row that part of Aroostook Co. ME is under a tornado warning. Rare in that neck of the woods. http://ow.ly/5eiRv #mewx,A tornado/thunderstorm warning has been issued or has been lifted
'234',@TheDalyPlanet It's a scary afternoon/evening in these parts tornado just up the street and nasty storm after nasty storm rolling through.,A tornado sighting/touchdown has been reported
'235',Tornado alarm going off,A siren has been heard
'236',Everyone please pray for Joplin Missouri again because they are under watch for another tornado.,Other
'237',mad as shit a tornado is going to come pass and it knock out the cellular tower,A tornado/thunderstorm warning has been issued or has been lifted
'238',Eek.  Tornado warnings!,A tornado/thunderstorm warning has been issued or has been lifted
'239',We have front row tickets to the tornado that's gonna run us over..,Other
'240',Tornado is moving away... Thank goodness... That was too close,Other
'241',Tornado Warning!,A tornado/thunderstorm warning has been issued or has been lifted
'242',Talked to a friend from WMass. She was literally running from tornado trying to find safe place to hide. Ended up in strangers basement.,Other
'243',Emergency broadcast now on TV for our area. We are under #tornado watch. Severe thunder storm imminent. #NYwx,Other
'244',Tornado warning. Sky just went black. At least I got my @NKOTBSB show in before the #Rapture,A tornado/thunderstorm warning has been issued or has been lifted
'245',Look my TV friends: when tornado sirens go off we want residents to take cover. So get off the damn TV take your crew & take cover,A siren has been heard
'246',Funnel cloud spotted about 10 miles south of Danville moving east.  Tornado Warning for Caswell Co NC as a result...,A tornado/thunderstorm warning has been issued or has been lifted
'247', @SnowyWestie: #PAWCIRCLE for @BearBearD in Memphis. Needs #barkbusters #BarkTreeAlert. Tornado on ground. @NoCrybabyDoGs @IamZorro Ba ...,A tornado sighting/touchdown has been reported
'248',Tornado watch over here till 10 pm. Oh well it's not gonna hit us anyways.,Other
'249',"Um tornado warning with the sirens while being shuffeled  into a ""safe"" section of the grocery store.",A siren has been heard
'250', @RedCross: #Tornado watches and warnings in the northeast right now and through evening- pay attention to news and local authorities ...,A tornado/thunderstorm warning has been issued or has been lifted
'251',Volcano eruption Tornado Flood Cattle Plague... is the end of the world coming soon?,Other
'252',tornado watch #ineffect,Other
'253',#txwx Storm still firing north of Houston tonight that are extending from the line across the us.,A tornado/thunderstorm warning has been issued or has been lifted
'254', @TWCBreaking: Confirmed #tornado on ground 3 miles SW of Chickasha OK per fire dept.  TAKE COVER NOW!!!!  Radar:  http://wxch.nl/iGpssz,A tornado sighting/touchdown has been reported
'255', @shawncable: Tornado reported on the gound near Ramona SD... heading northeast. #sdwx,A tornado sighting/touchdown has been reported
'256', @severestudios: There is a small Tornado Watch in effect that includes Columbia and St. Louis MO:  http://1.usa.gov/kxdEDC  #mowx,A tornado/thunderstorm warning has been issued or has been lifted
'257',Tornado sirens,A siren has been heard
'258', @RoyalOakPatch Tornado WARNING now in effect. Take cover Royal Oak!,A tornado/thunderstorm warning has been issued or has been lifted
'259', @KOMUnews: Tornado Watch for Chariton Howard Macon and Randolph County until 3:00am CDT.,A tornado/thunderstorm warning has been issued or has been lifted
'260', @WxChrisB: People in SW Hunt and NE Kaufman need to take tornado precautions at this time. #txwx,A tornado/thunderstorm warning has been issued or has been lifted
'261',Tornado headed for downtown Kansas City,A tornado sighting/touchdown has been reported
'262',Tornado just touchdown at castleton square mall and jump over tantrum,A tornado sighting/touchdown has been reported
'263', @VeganCapitalist: Tornado watch issued for NYC and surrounding counties. Get your animal companions inside!,Other
'264', @cupofteaintexas: TORNADO WARNING EXTENTED! Hutchins and Balch Springs take cover!,A tornado/thunderstorm warning has been issued or has been lifted
'265',There's also a tornado watch in my (Sydney) state Massachusetts. In just minutes it's supposingly going to hit my area. Pray PLEASE.,A tornado/thunderstorm warning has been issued or has been lifted
'266',Tornado sirens going off again in Owensboro.,A siren has been heard
'267',The tornado's gonna come and get me! http://t.co/wZ61PaJ,Other
'268',@reedtimmerTVN tornado warning just issued for lower Michigan.,A tornado/thunderstorm warning has been issued or has been lifted
'269',TORNADO WARNING has been canceled for VIGO but continues for Fountain Parke and Vermillion until 7:15pm EDT!,A tornado/thunderstorm warning has been issued or has been lifted
'270',What the deuce? Tornado in Yuba City and it's fuckin June wow... We got some Midwest weather now,A tornado sighting/touchdown has been reported
'271',Up to 104 so far in Lubbock today 106 at Turkey and Paducah 107 so far at Northfield. #txwx,Other
'272',A Tornado Warning has been issued for for Pemiscot-MO Dyer-TN Lake-TN & Obion-TN until 07:30 PM  #weather,A tornado/thunderstorm warning has been issued or has been lifted
'273',from the looks of it there's a tornado outside my window BUT my bestie insists we go to the gym anyway -_-.. i just want ice cream,Other
'274',TORNADO WARNING [ Barry MI ][ Calhoun MI ] Expires: Sun May 29 17:00 EDT #SVRAlert,A tornado/thunderstorm warning has been issued or has been lifted
'275',tornado watch for Binghamton and surrounding areas. be safe...definitely OUT of here lmao,A tornado/thunderstorm warning has been issued or has been lifted
'276',Leominster MA tornado warnings and lightning #TwitPict http://twitpic.com/55nttb,A tornado/thunderstorm warning has been issued or has been lifted
'277', @MarleeMatlin: Tornado Watch for New York City If you know anyone deaf or hard of hearing or physically disabled reach out/make sure ...,A tornado/thunderstorm warning has been issued or has been lifted
'278',There is no tornado it's a watch not a warning so all you can come out of ur basement,A tornado/thunderstorm warning has been issued or has been lifted
'279',Seems like that last blob on the radar passed us up waiting another 5 minutes for the next one. Ellsinore MO sees Tornado #weather,A tornado sighting/touchdown has been reported
'280',@Cedric_Supreme hey man i'm seeing this tornado and bad weather on the news for Oklahoma...just wondering if ur ok?,Other
'281', @reedtimmerTVN: Possible tornado near Holiday City OH,A tornado sighting/touchdown has been reported
'282',Tha NWS has confirmed a tornado touched down in Shiawassee County. I'm headed there now...look for a live report @ABC12WJ at Noon.,A tornado sighting/touchdown has been reported
'283',@Samantha_Busch WI may be under tornado warnings but we are still going to watch@KyleBusch win the prelude!,A tornado/thunderstorm warning has been issued or has been lifted
'284',BREAKING NEWS: TORNADO REPOED IN THE STORM HEADING MY WAY,A tornado sighting/touchdown has been reported
'285', @palmerlaw: Report: *** Tornado Warning *** SIRENS in #chambana - Tornado on ground I72 near Route 47 exit going E-NE #chambana #CUstorms,A tornado sighting/touchdown has been reported
'286', @eman2936: How come everyone talking bout hail and aint no rain here just tornado sirens going off?,A siren has been heard
'287',If they dont stop sayin more tornado warnings huh .....,A tornado/thunderstorm warning has been issued or has been lifted
'288',Tornado warning in belton Everybody Go To Yal Basements & get shoes & blankets,A tornado/thunderstorm warning has been issued or has been lifted
'289',Tornado Warning - I hate these things ! #scary,A tornado/thunderstorm warning has been issued or has been lifted
'290', @Bittersw33tstar: were under a tornado watch... WOW,A tornado/thunderstorm warning has been issued or has been lifted
'291',Tornado warnings always cool. Its super windy & rainy outside. The thunder is shakin my house... #scared,A tornado/thunderstorm warning has been issued or has been lifted
'292',tornado heading our way. i just want to say I love you all.,A tornado sighting/touchdown has been reported
'293',Tornado warning sirens goin off in NKC,A siren has been heard
'294',Tornado sirens going off again in Dallas,A siren has been heard
'295',Omg. Its the scary tornado alarm sirens.,A siren has been heard
'296',Weather in Boston and NYC on Alert After Tornado http://bit.ly/mH3krp  tornado,Other
'297', @boomeronkissfm: Tornado Warning in Effect for Fulton County NOW.  TORNADO WATCH in effect for the entire kiss fm listening area unti ...,A tornado/thunderstorm warning has been issued or has been lifted
'298',Holy canoli - Joplin Missouri has a tornado headed towards it @ 45mph - Oh no :(,A tornado sighting/touchdown has been reported
'299',Tornado watch for NYC-New England.  Looks like God has had enough of Sarah Palin's bus tour.,A tornado/thunderstorm warning has been issued or has been lifted
'300', @spann: Tornado warning in effect for Joplin MO,A tornado/thunderstorm warning has been issued or has been lifted
'301', @garytx:  @spotternetwork: 12:13AM CDT Tor&lt;-Evnt 0 miles WNW of Ozark AR-Tornado reported on the ground near Ozark by storm spo ...,A tornado sighting/touchdown has been reported
'302', @stefanieneves: So it was 42 degrees today and now there's a tornado warning up north/prob in the gta soon? #fiomothernature,A tornado/thunderstorm warning has been issued or has been lifted
'303',I guess I better go find a stream... tornado warning for Monroe county...,A tornado/thunderstorm warning has been issued or has been lifted
'304',Strong storms coming in this afternoon too. Tornado watch till 8 issued here in Maine which is very unusual.,A tornado/thunderstorm warning has been issued or has been lifted
'305',#ATFU  @ORGNL: Tornado Alley aint fucking around weatherally and musically,Other
'306', @weatherchannel: Wish we didn't have to write this....another multi-day #tornado outbreak is looming.  The ingredients and forecast:  ...,A tornado/thunderstorm warning has been issued or has been lifted
'307', @KTVB: SEVERE WEATHER ALE: Tornado watches in effect for three Idaho counties:  http://bit.ly/1v5xG,A tornado/thunderstorm warning has been issued or has been lifted
'308',@I_am_Serenity tornado on the ground. Western side of KC,A tornado sighting/touchdown has been reported
'309',anyone in the Livingston County please be careful we are under a Tornado Warning!  Sirens are going on around Briarwood Mall! #BadWeather,A tornado/thunderstorm warning has been issued or has been lifted
'310',Tornado count as of May 29 2010: 437. Tornado count as of May 29 2011: 960. Difference: 523.,Other
'311', @DFWscanner: Tornado is now reported near the Park Cities/Preston Hollow area.,A tornado sighting/touchdown has been reported
'312',Tornado warning has been re-issued for Washington County.,A tornado/thunderstorm warning has been issued or has been lifted
'313',Uh oh the tornado is lurkin,Other
'314',Hope all the #JoplinTornado are safe and sound(: and Sorry for any loses &lt;3,Other
'315',I pull my head out of writing in seclusion to discover NYC is now under a tornado watch. Can't I leave you people alone for a minute?,A tornado/thunderstorm warning has been issued or has been lifted
'316', @the33news: Tornado warning issued for following counties: Collin Cooke Dallas Denton Grayson Parker Tarrant Wise,A tornado/thunderstorm warning has been issued or has been lifted
'317', @shanamama9197: #Tornado touchdown in Irving TX,A tornado sighting/touchdown has been reported
'318',Severe Thunderstorm Watch for portions of the area in OK until 1:00am CDT. #okwx,A tornado/thunderstorm warning has been issued or has been lifted
'319',Basically a tornado outside. What is happening. So scared.,Other
'320', @News10_CA: NWS has issued a tornado warning for Sacramento and Yolo counties.  Possible tornado to hit near Power Balance Pavillion.,A tornado/thunderstorm warning has been issued or has been lifted
'321', @Sportsgeek4life:  @JimCantore: OKMULGEE BEGGS OK AREA still strong rotation coming your way. #okwx,Other
'322',A rotating wall cloud is 4 mi NW of Azle moving E at 40. No tornado has been observed at this time. -sm,Other
'323',Tornado touched down up the street. A lil scared stupid.,A tornado sighting/touchdown has been reported
'324', @txflygirl: Are you kidding me?   @TWCBreaking: Tornado warning for #Joplin Mo.!! Radar and warning info: http://wxch.nl/mGgs3M / OMG!,A tornado/thunderstorm warning has been issued or has been lifted
'325',@KeatonMiles are you all in tornado warnings also?,A tornado/thunderstorm warning has been issued or has been lifted
'326',Good luck with that tornado warning @ndirish11,A tornado/thunderstorm warning has been issued or has been lifted
'327',Tornado warnings for Washtenaw/Livingston Counties MI until 6:15pm. NWS is giving people plenty of warning on these storms. Pay attention!,A tornado/thunderstorm warning has been issued or has been lifted
'328',@Christy5Q my Rhode Island peeps are freaking out because they're under a tornado watch.  Half of them think it's a warning.  Rookies,A tornado/thunderstorm warning has been issued or has been lifted
'329', @OntarioWarnings: Red Alert for City of Hamilton due to tornado warning ended.,A tornado/thunderstorm warning has been issued or has been lifted
'330',Well tornado sirens are going off.,A siren has been heard
'331',And apparently there's now a tornado watch for my county eep.,Other
'332',Thinking about you #Dallas area  @birdy27: sirens just went off in the #dallas area!! authorities askg folks 2 take cover. #tornado...,A siren has been heard
'333',Tornado warning! Fuck yeah!!,A tornado/thunderstorm warning has been issued or has been lifted
'334', @rolandsmartin:  @TWCBreaking Brief tornado reported (15) mins. ago near Lake Nocona in N. TX. No damage reported.,A tornado sighting/touchdown has been reported
'335', @TWCBreaking: Tornado with debris reported in southeast Dallas per NWS Chat. Large wedge near I-45 south of I-20.,A tornado sighting/touchdown has been reported
'336', @TWCBreaking: Tornado reported on the observation at Dallas' Love Field.,A tornado sighting/touchdown has been reported
'337', @fema: #Tornado #safetytip: Stay away from downed power lines and report them to the power company. http://m.fema.gov #Joplin,Other
'338', @severestudios:  @FindTheTornado: http://1.usa.gov/loKp2S PDS Tornado Watch is NOW out... please be safe  [MO IL IN KY],Other
'339', @WUSTL: Tornado warnings issued for counties in STL area. Please observe emergency notifications & seek shelter. http://emergency.wus ...,A tornado/thunderstorm warning has been issued or has been lifted
'340', @severewarn: Tornado Warning for Ballard Carlisle Fulton Graves Hickman and McCracken County in KY until 7:30pm CDT. #kywx,A tornado/thunderstorm warning has been issued or has been lifted
'341',Gah that's where @exitrows is   @CNN: Just In: Tornado spotted in Bedford Texas between Fort Worth and Dallas according to the NWS,A tornado sighting/touchdown has been reported
'342',Damn. Another tornado watch jus popped up,Other
'343',Tornado warning o.O what tha fawk? Akward area -_- this world is deadening: http://yearbook.com/a/1c0zho,A tornado/thunderstorm warning has been issued or has been lifted
'344',@jpsgolfmom I haven't followed it since I read it but there was a tornado 6 miles SW of KZoo headed NE at 55 MPH a little earlier.,A tornado sighting/touchdown has been reported
'345',#RAPTURE just sayin'  @CNYcentral Tornado watch in effect for most of #CNY through 10:00 PM http://www.cnycentral.com/weather,A tornado/thunderstorm warning has been issued or has been lifted
'346', @severestudios: Tornado Warning for Kalamazoo County in MI until 4:45pm EDT. #miwx,A tornado/thunderstorm warning has been issued or has been lifted
'347',WARNING: Tornado warning issued for Yolo County  http://sns.mx/IEcJy6,A tornado/thunderstorm warning has been issued or has been lifted
'348',We were under a tornado warning this week - check out these creepy clouds  http://t.co/r0eYcc8,A tornado/thunderstorm warning has been issued or has been lifted
'349',Becareful dude!  @mud_Ball Potential Tornado warning for the night... Had one land last night near my house.... I slept thru it tho &gt;_&gt;,A tornado/thunderstorm warning has been issued or has been lifted
'350', @flintjournal: Weather update: Southern tier of Michigan under tornado watch http://bit.ly/iTtDhE,A tornado/thunderstorm warning has been issued or has been lifted
'351',Tornado kills 2 in suburban Oklahoma City: Two people were killed and three children were critically injured Tuesday... http://dlvr.it/StD8K,Other
'352', @TWCBreaking: #Tornado EMERGENCY coming from NWS for NW side of Norman Moore and south side of OKC.  TAKE SHELTER NOW.,A tornado/thunderstorm warning has been issued or has been lifted
'353',more storms... Tornado watch until 10 pm.,A tornado/thunderstorm warning has been issued or has been lifted
'354',Tornado sirens.....smh,A siren has been heard
'355', @stormchaser4850:ARKANSAS (DEV)Emergency management reported a tornado on the ground near Austin moving NE at 50 mph (723 pm CDT) #arwx,A tornado sighting/touchdown has been reported
'356', @severestudios: Tornado Warning for Hardy County in WV until 6:30pm EDT. #wvwx,A tornado/thunderstorm warning has been issued or has been lifted
'357',Tornado Warning issued May 25 at 12:05PM CDT expiring May 25 at 12:30PM CDT by NWS Kansas City http://www.crh.no... http://bit.ly/kmKEpr,A tornado/thunderstorm warning has been issued or has been lifted
'358',dallas kaufman and rockwall counties now face tornado warning until 9:45,A tornado/thunderstorm warning has been issued or has been lifted
'359', @BreakingNews: Spotters confirm a tornado on the ground moving toward Joplin Mo. where a twister on Sunday killed 124 people - CNN,A tornado sighting/touchdown has been reported
'360',Tornado Watch for portions of the area in IL until 9:00pm CDT. #ilwx,Other
'361',Forecast for tomorrow? Flood watch Tornado watch Severe Thunderstorm warning. #sweet,A tornado/thunderstorm warning has been issued or has been lifted
'362',Geez tornado watch for MA and severe storms due in tonite...of course when I'm stoked to catch Ray LaMontagne. #damnyouweather,A tornado/thunderstorm warning has been issued or has been lifted
'363', @TWCBreaking: Those in Guthrie OK need to TAKE COVER NOW.  LARGE VIOLENT #TORNADO HEADED TOWARD THAT AREA!!!  PLEASE RETWEET!!!,A tornado sighting/touchdown has been reported
'364', @stormchaser4850: Correction: DEVELOPING: Emergency management reported a tornado on the ground near Austin Mississippi moving NE at ...,A tornado sighting/touchdown has been reported
'365',New event. Tornado Warning from 5/25/2011 1:28 PM to 2:00 PM CDT for Ray County Carroll County. More information.... http://fb.me/Ix0gvwIa,A tornado/thunderstorm warning has been issued or has been lifted
'366', @ZachNews: Breaking Weather News!!!: Weather Channel; Mile wide tornado on the ground near Ozark AR. & Caulksville AR. Get To Safet ...,A tornado sighting/touchdown has been reported
'367', @TWCBreaking: Tornado reported on the observation at Dallas' Love Field.,A tornado sighting/touchdown has been reported
'368',Tornado Warning for Mississippi County in AR until 7:30pm. Alert detail : http://bit.ly/jF3n7v #ARWX,A tornado/thunderstorm warning has been issued or has been lifted
'369', @TWCBreaking: Line of storms with #tornado warnings moving through western KY.  #Tornado warning for #Paducah http://wxch.nl/iOgYdu,A tornado/thunderstorm warning has been issued or has been lifted
'370',Another Tornado is on the way to Joplin Mo. The Gov. Gave out a warning http://wxch.nl/mGgs3M,A tornado/thunderstorm warning has been issued or has been lifted
'371', @BreakingNews: City of Dallas activates sirens after tornado warning. Asks residents to 'seek shelter and monitor the news' http://on ...,A siren has been heard
'372', @spann: Tornado warning for Oxford MS and the Ole Miss campus... #mswx,A tornado/thunderstorm warning has been issued or has been lifted
'373', @TWCBreaking: TAKE COVER NOW in Salem SD.  Possible rain-wrapped #tornado headed toward you now!!!!,A tornado sighting/touchdown has been reported
'374', @nbc15_madison: CONFIRMED EF1 TORNADO LAST NIGHT from 7:41pm 2.5 miles WSW of Verona to 3 miles NE of McFarland at 8:02pm. Storm path ...,A tornado sighting/touchdown has been reported
'375',So Word ON The Street Its About To Be A Tornado ...,Other
'376',TORNADO WATCH in effect  Bradford County until 10 PM Thursday May 26th. Stay tuned to local media NOAA Weather Radio etc.,A tornado/thunderstorm warning has been issued or has been lifted
'377', @DavidLimbaugh: Unbelievable.  @toddstarnes: Tornado sirens going off in Joplin.,A siren has been heard
'378', @severestudios: Tornado Warning for Muskogee Okmulgee Tulsa and Wagoner County in OK until 9:15pm CDT. #okwx,A tornado/thunderstorm warning has been issued or has been lifted
'379',Taking shelter for tornado warning.. Yeah missouri! #homesick #tothemax,A tornado/thunderstorm warning has been issued or has been lifted
'380', @severestudios: Tornado Warning for Lake McCook and Minnehaha County in SD until 8:30pm CDT. #sdwx,A tornado/thunderstorm warning has been issued or has been lifted
'381',Tornado warning? #notcool,A tornado/thunderstorm warning has been issued or has been lifted
'382', @Weatherbird: The storms have passed here but there are still tornado warnings in eastern Arkansas southeast Missouri and western T ...,A tornado/thunderstorm warning has been issued or has been lifted
'383',#Tornado watches issued until 8:00am for portions of #Missouri #Illinois and #Iowa. http://www.spc.noaa.gov/products/watch/ww0366.html,Other
'384', @viequesbound: / @TWCBreaking: A number of storms in central #Indiana including near Indianapolis with #tornado warnings.  Radar: h ...,Other
'385', @KellyKCTV5: benton under tornado warning until 12:45,A tornado/thunderstorm warning has been issued or has been lifted
'386',TORNADO WARNING issued for parts of OSBORNE; ROOKS counties in KS until 06:45 PM CT - http://wx4.me/KGIDT0038,A tornado/thunderstorm warning has been issued or has been lifted
'387', @wx8: Tornado warning for Kzoo county.  #wmiwx,A tornado/thunderstorm warning has been issued or has been lifted
'388',See the destruction the Tornado's are recking on the east and mid-west we can send out our prayers. The most... http://fb.me/12orPwnTv,A tornado sighting/touchdown has been reported
'389',#Detroit Tornado watch issued for Metro Detroit http://bit.ly/kPFdv9,A tornado/thunderstorm warning has been issued or has been lifted
'390',WeatherAction LongRange Forecast of ~23-24 MAY EXTRA TOP RED WARNING and DANGEROUIS TORNADO SWARM http://t.co/QRBnvaK via @twitpic len holli,Other
'391',THERE'S A TORNADO WARNING FOR OAKLAND,A tornado/thunderstorm warning has been issued or has been lifted
'392', @weatherchannel: #Tornado watch until 8pm for N. IN S. MI and NW OH until 8pm EDT.,Other
'393',The NWS has issued a TORNADO WATCH for Tishomingo County until May 25 at 10:00PM CDT  http://alerts.weather.gov/cap/wwaatmget.php?x=MSC141,Other
'394',NO tornado warnings in effect at this time but at least 15 active severe thunderstorm warnings across... http://fb.me/CtgC790o,A tornado/thunderstorm warning has been issued or has been lifted
'395', @TWCBreaking: SECOND #tornado just reported in north Springfield MA!  TAKE COVER in Ludlow and along U.S. 20 corridor!  http://wxch ...,Other
'396', @Flyingright1: Fox reporting tornado spotted on the ground in Dallas near Highland Park. #tcot #Texas,A tornado sighting/touchdown has been reported
'397',Tornado Watch Issued: The National Weather Service has issued a tornado watch until 8 p.m. Thursday for much of... http://dlvr.it/T67MW,A tornado/thunderstorm warning has been issued or has been lifted
'398', @iAM_ALfonso: Leverett MA (Franklin) field off Rt 63. Units confirming a tornado has touched down. @WWLP seriously?! again?! #westernma,A tornado sighting/touchdown has been reported
'399', @4029news: The big tornado will pass to the south of Ozark. Not just Doppler-indicated but spotter-confirmed.,A tornado sighting/touchdown has been reported
'400', @paulrosania: Tornado watch in Boston. Nature please respect my entrepreneurial right to uninterrupted internet access.,A tornado/thunderstorm warning has been issued or has been lifted
'401',TORNADO WARNING in effect until 6:30pm EDT in Indiana for Greene Monroeand Owen Counties. If you're in those... http://fb.me/ZZyg5b0V,A tornado/thunderstorm warning has been issued or has been lifted
'402',Tornado Warning for Tippecanoe and Warren County in IN until 10:00pm EDT. #inwx,A tornado/thunderstorm warning has been issued or has been lifted
'403', @twister_tracker: TORNADO WARNING: Alfalfa; Major (Oklahoma)  Expires: 05/24/2011 04:45PM (CDT) http://bit.ly/kX9m5x #tornado #okwx # ...,A tornado/thunderstorm warning has been issued or has been lifted
'404', @TWCBreaking: Those in Guthrie OK need to TAKE COVER NOW.  LARGE VIOLENT #TORNADO HEADED TOWARD THAT AREA!!!  PLEASE RETWEET!!!,A tornado sighting/touchdown has been reported
'405',Tornado watch issued for New York City surrounding counties - NBC NY http://bit.ly/k8Ygf1,A tornado/thunderstorm warning has been issued or has been lifted
'406',Be on the lookout for strong to severe t'storms this evening.  Tornado Watch in effect until 8PM.  Andy & Julie will have updates on TV 10.,A tornado/thunderstorm warning has been issued or has been lifted
'407', @tornadochasers: #weather SPC MD 1014: MD 1014 CONCERNING SEVERE THUNDERSTORM WATCH 394... FOR NRN IL...NRN IND...SRN... http://1.usa ...,Other
'408', @JimCantore: TWO HOOKS ONE NEAR DALLAS AND ONE NEAR ONE WEST OF ARLINGTON TX #TXWX #TORNADO,A tornado sighting/touchdown has been reported
'409', @TWCBreaking: Power flashes reported in the Dallas area.  New warning indicates possible tornado near University Park.,A tornado/thunderstorm warning has been issued or has been lifted
'410',Tornado Watch...,Other
'411', @andersoncooper: In many destroyed areas here in #Joplin there is a terrible silence broken only by the sound of rain and wind,Other
'412', CBSAtlBreaking: Tornado Warning For Union County In North Central Georgia: CBSAtlBreaking: Tornado Warning Fo... http://bit.ly/iswyFK,A tornado/thunderstorm warning has been issued or has been lifted
'413',Just heard about the tornado in Mass. Hope everyone is ok. My heart and thoughts are with you xx,Other
'414', @dallas_news: Weather observer at Dallas Love Field has sighted a tornado in the storm approaching the city from the west.,A tornado sighting/touchdown has been reported
'415',TORNADO WARNING issued for parts of UNION county in GA until 05:45 PM ET - http://wx4.me/KFFCT0060,A tornado/thunderstorm warning has been issued or has been lifted
'416', @NBCDFW: Spotters and radar see tornado in Highland Park. Take Cover.,A tornado sighting/touchdown has been reported
'417',whoa   @7News *Tornado *WATCH for much of MA southern NH until 8pm. Conditions are favorable for severe t-storms with tornadoes later,Other
'418',Event cancelled. Tornado Watch from 5/24/2011 9:12 PM to 10:00 PM EDT for Wilkes County Ashe County Watauga County. http://bit.ly/kTfil7,A tornado/thunderstorm warning has been issued or has been lifted
'419', @TWCBreaking: Tornado warning for #Joplin Mo.!! Radar and warning info: http://wxch.nl/mGgs3M,A tornado/thunderstorm warning has been issued or has been lifted
'420',At 08:33 PM NWS HUN has issued a Tornado Watch for Colbert Franklin Lauderdale Lawrence & Limestone Counties until 04:00 AM.,A tornado/thunderstorm warning has been issued or has been lifted
'421', @JimCantore: Joplin just upgraded to EF5.  Threat 11pm or later here. #joplin # mowx | crap!,A tornado sighting/touchdown has been reported
'422', @severestudios: People in and around McCrory ARK take cover now!  (5:04pm)  #arwx #tornado #outbreak @NoCrybabyDoGs,Other
'423',TORNADO WARNING FOR SOUTH CENTRAL LA SALLE COUNTY & LIVINGSTON COUNTY... UNTIL 730 PM *** SEVERE THUNDERSTORM... http://fb.me/Mc2kjJuW,A tornado/thunderstorm warning has been issued or has been lifted
'424',Quick Prayer Tornado Watches today!! ESP Indiana ... It's getting  closer n closer,Other
'425',Tornado warning an hour ago and now I'm laying out in the sun #ilovemissouriweather,A tornado/thunderstorm warning has been issued or has been lifted
'426', @BreakingNews: Tornado watch issued for New York City surrounding counties - NBC NY http://bit.ly/iE1u3J,Other
'427',Tornado Watch Likely Extended: A NEW TORNADO WATCH WILL BE ISSUED SOON FOR MUCH OF CNTRL INDIANA. SURFACE MAP SH... http://bit.ly/l2CfzP,Other
'428',/ @twister_tracker: TORNADO @WARNING: #Benton; Lafa... (#Mississippi)  Expires: 05/25/2011 10:15PM (CDT) http://bit.ly/leZsP6 #tornado #mswx,A tornado/thunderstorm warning has been issued or has been lifted
'429', @max247:  @livewxradar: *** TORNADO WATCH *** until 8PM EDT for New York and Vermont for TORNADOES 2: Hail 70mph WInds.... http:/ ...,A tornado/thunderstorm warning has been issued or has been lifted
'430', @OKWXTracker: TORNADO WARNING FOR FOR CUSTER & ROGER MILLS COUNTIES IN OKLAHOMA UNTIL 08:45 PM. http://tinyurl.com/23uk4o5 #okwx #fb,A tornado/thunderstorm warning has been issued or has been lifted
'431',Svr T-Storm Warning SE Otero & NE Hudpset CO's TX till 6:45 PM. 60+ mph wind gusts psbl. http://1.usa.gov/mlVrM7 #nmwx #txwx #nmem,Other
'432', @KristinHanes: Not again. Ugh. @USABreakingNews JUST IN- National Weather Service issues tornado warning for Joplin Missouri.,A tornado/thunderstorm warning has been issued or has been lifted
'433', @mgmcampbell: Did your home sustain tornado dmg?  617-521-7777 Insurance experts on standby. Be warned wait is long #matornado #westernma,Other
'434', @JayPraterCBM Tornado Warning until 08:15 PM CDT issued for Texas-OKhttp://bit.ly/7B93xm,A tornado/thunderstorm warning has been issued or has been lifted
'435', @HarderRambles:  @cnnbrk Weather spotters report #tornado moving toward #Joplin Missouri at 45 mph http://on.cnn.com/k1ZN2b,A tornado sighting/touchdown has been reported
'436', @ce_pro: Vivint Delivers Tornado Alerts to Customers http://goo.gl/fb/S6OnV #avtweeps #avnews,A tornado/thunderstorm warning has been issued or has been lifted
'437', @TWCBreaking: #Tornado reported 4 miles east of Heyworth IL (south of Bloomington) moving northeast. Radar: http://wxch.nl/mrOVSN,A tornado sighting/touchdown has been reported
'438',Tornado Watch exp. 10PM in #mswx ALCORN BENTON COAHOMA DESOTO LAFAYETTE MARSHALL PANOLA PRENTISS QUITMAN TATE TIPPAH TISHOMINGO TUNICA UNION,A tornado/thunderstorm warning has been issued or has been lifted
